Date,AvgTemperature,AvgHumidity,Rainfall_mm,DayType,Is_Holiday,WaterConsumption_m3
2020-01-01,35.3,80.0,0.2,Weekday,1,1322.0
2020-01-02,23.6,66.0,0.4,Weekday,0,1150.0
2020-01-03,24.6,74.0,2.6,Weekday,0,1148.0
2020-01-04,42.8,86.0,1.1,Weekend,0,1343.0
2020-01-05,38.8,58.0,1.2,Weekend,0,1357.0
2020-01-06,29.8,64.0,0.7,Weekday,0,1193.0
2020-01-07,31.3,62.0,1.9,Weekday,0,1242.0
2020-01-08,26.8,45.0,0.4,Weekday,0,1218.0
2020-01-09,32.2,62.0,2.0,Weekday,0,1223.0
2020-01-10,26.4,74.0,0.4,Weekday,0,1147.0
2020-01-11,19.8,70.0,0.1,Weekend,0,1168.0
2020-01-12,23.4,71.0,0.8,Weekend,0,1173.0
2020-01-13,30.1,61.0,0.5,Weekday,0,1237.0
2020-01-14,24.3,58.0,4.4,Weekday,0,1136.0
2020-01-15,29.7,78.0,0.1,Weekday,0,1195.0
2020-01-16,24.6,60.0,0.4,Weekday,0,1168.0
2020-01-17,26.1,68.0,1.6,Weekday,0,1138.0
2020-01-18,34.3,67.0,1.3,Weekend,0,1291.0
2020-01-19,31.2,80.0,0.1,Weekend,0,1198.0
2020-01-20,30.0,75.0,0.0,Weekday,0,1175.0
2020-01-21,34.4,52.0,8.9,Weekday,0,1204.0
2020-01-22,32.4,53.0,2.2,Weekday,0,1287.0
2020-01-23,37.2,71.0,0.9,Weekday,0,1234.0
2020-01-24,27.7,64.0,1.3,Weekday,0,1234.0
2020-01-25,27.9,60.0,0.6,Weekend,0,1256.0
2020-01-26,23.5,75.0,0.8,Weekend,0,1161.0
2020-01-27,27.9,67.0,2.1,Weekday,0,1191.0
2020-01-28,34.8,66.0,4.3,Weekday,0,1222.0
2020-01-29,36.5,73.0,0.4,Weekday,0,1229.0
2020-01-30,34.8,61.0,3.7,Weekday,0,1249.0
2020-01-31,21.0,81.0,0.3,Weekday,0,1101.0
2020-02-01,35.4,57.0,0.5,Weekend,0,1353.0
2020-02-02,20.8,72.0,0.1,Weekend,0,1163.0
2020-02-03,34.5,79.0,0.3,Weekday,0,1215.0
2020-02-04,28.2,51.0,5.0,Weekday,0,1223.0
2020-02-05,33.5,62.0,1.2,Weekday,0,1268.0
2020-02-06,23.3,76.0,0.2,Weekday,0,1125.0
2020-02-07,35.9,77.0,6.4,Weekday,0,1237.0
2020-02-08,22.7,63.0,4.2,Weekend,0,1214.0
2020-02-09,26.7,58.0,2.8,Weekend,0,1216.0
2020-02-10,25.0,75.0,5.4,Weekday,0,1095.0
2020-02-11,21.2,77.0,0.5,Weekday,0,1084.0
2020-02-12,30.5,53.0,3.6,Weekday,0,1194.0
2020-02-13,39.0,53.0,2.3,Weekday,0,1324.0
2020-02-14,43.3,67.0,4.1,Weekday,0,1286.0
2020-02-15,30.5,71.0,3.2,Weekend,0,1262.0
2020-02-16,35.6,62.0,0.9,Weekend,0,1304.0
2020-02-17,31.2,72.0,3.0,Weekday,0,1220.0
2020-02-18,32.5,58.0,0.6,Weekday,0,1195.0
2020-02-19,28.3,44.0,0.8,Weekday,0,1223.0
2020-02-20,31.0,61.0,0.2,Weekday,0,1201.0
2020-02-21,32.7,66.0,5.5,Weekday,0,1235.0
2020-02-22,27.1,62.0,0.7,Weekend,0,1267.0
2020-02-23,29.6,53.0,1.5,Weekend,0,1226.0
2020-02-24,29.7,47.0,1.0,Weekday,0,1255.0
2020-02-25,34.1,60.0,6.4,Weekday,0,1250.0
2020-02-26,24.7,74.0,0.8,Weekday,0,1142.0
2020-02-27,29.7,78.0,3.0,Weekday,0,1178.0
2020-02-28,39.6,77.0,3.9,Weekday,0,1273.0
2020-02-29,35.8,57.0,1.1,Weekend,0,1346.0
2020-03-01,36.7,53.0,1.0,Weekend,0,1324.0
2020-03-02,30.1,70.0,2.8,Weekday,0,1211.0
2020-03-03,31.6,71.0,4.9,Weekday,0,1194.0
2020-03-04,35.0,69.0,2.8,Weekday,0,1241.0
2020-03-05,37.8,45.0,0.5,Weekday,0,1337.0
2020-03-06,20.2,56.0,4.4,Weekday,0,1083.0
2020-03-07,23.4,65.0,1.0,Weekend,0,1158.0
2020-03-08,36.5,70.0,1.7,Weekend,0,1304.0
2020-03-09,28.6,73.0,3.6,Weekday,0,1193.0
2020-03-10,26.6,66.0,0.4,Weekday,0,1148.0
2020-03-11,23.7,68.0,3.1,Weekday,0,1129.0
2020-03-12,27.2,66.0,1.8,Weekday,0,1157.0
2020-03-13,23.0,72.0,4.5,Weekday,0,1086.0
2020-03-14,40.5,68.0,0.4,Weekend,0,1367.0
2020-03-15,29.9,66.0,1.1,Weekend,0,1267.0
2020-03-16,29.7,62.0,3.6,Weekday,0,1179.0
2020-03-17,32.9,66.0,0.0,Weekday,0,1265.0
2020-03-18,34.8,70.0,0.2,Weekday,0,1255.0
2020-03-19,34.7,68.0,9.3,Weekday,0,1200.0
2020-03-20,35.4,69.0,0.7,Weekday,0,1259.0
2020-03-21,26.8,78.0,7.4,Weekend,0,1206.0
2020-03-22,28.5,68.0,0.4,Weekend,0,1252.0
2020-03-23,33.8,59.0,0.9,Weekday,0,1242.0
2020-03-24,27.4,74.0,2.8,Weekday,0,1152.0
2020-03-25,30.0,51.0,2.1,Weekday,0,1230.0
2020-03-26,32.0,54.0,1.7,Weekday,0,1257.0
2020-03-27,33.9,68.0,1.5,Weekday,0,1240.0
2020-03-28,21.1,70.0,3.7,Weekend,0,1180.0
2020-03-29,33.6,53.0,0.5,Weekend,0,1313.0
2020-03-30,28.8,61.0,1.2,Weekday,0,1165.0
2020-03-31,33.5,59.0,0.3,Weekday,0,1260.0
2020-04-01,33.9,60.0,1.8,Weekday,0,1241.0
2020-04-02,38.0,74.0,0.6,Weekday,0,1239.0
2020-04-03,36.8,72.0,0.8,Weekday,0,1246.0
2020-04-04,36.7,65.0,1.3,Weekend,0,1313.0
2020-04-05,37.2,60.0,0.1,Weekend,0,1364.0
2020-04-06,31.5,52.0,0.2,Weekday,0,1220.0
2020-04-07,30.2,79.0,2.3,Weekday,0,1179.0
2020-04-08,34.4,71.0,1.1,Weekday,0,1281.0
2020-04-09,33.7,58.0,4.0,Weekday,0,1238.0
2020-04-10,28.5,72.0,2.4,Weekday,0,1165.0
2020-04-11,32.0,64.0,0.0,Weekend,0,1296.0
2020-04-12,29.8,62.0,1.9,Weekend,0,1265.0
2020-04-13,25.7,69.0,0.2,Weekday,0,1186.0
2020-04-14,36.5,58.0,3.0,Weekday,0,1271.0
2020-04-15,30.3,62.0,9.5,Weekday,0,1186.0
2020-04-16,40.2,66.0,1.5,Weekday,0,1317.0
2020-04-17,21.9,60.0,2.3,Weekday,0,1121.0
2020-04-18,27.2,72.0,0.5,Weekend,0,1213.0
2020-04-19,30.2,84.0,1.2,Weekend,0,1218.0
2020-04-20,35.7,57.0,3.9,Weekday,0,1239.0
2020-04-21,32.0,48.0,0.4,Weekday,0,1254.0
2020-04-22,31.6,45.0,0.6,Weekday,0,1293.0
2020-04-23,24.4,63.0,1.2,Weekday,0,1173.0
2020-04-24,24.2,58.0,2.5,Weekday,0,1142.0
2020-04-25,31.6,67.0,0.9,Weekend,0,1267.0
2020-04-26,23.2,66.0,5.3,Weekend,0,1183.0
2020-04-27,27.3,49.0,0.2,Weekday,0,1223.0
2020-04-28,32.5,47.0,0.9,Weekday,0,1282.0
2020-04-29,25.1,68.0,2.5,Weekday,0,1153.0
2020-04-30,38.0,66.0,0.5,Weekday,1,1390.0
2020-05-01,36.1,61.0,2.1,Weekday,1,1365.0
2020-05-02,22.1,48.0,0.4,Weekend,0,1189.0
2020-05-03,25.3,70.0,0.1,Weekend,0,1216.0
2020-05-04,18.6,78.0,0.3,Weekday,0,1064.0
2020-05-05,26.1,68.0,5.3,Weekday,0,1106.0
2020-05-06,33.8,57.0,1.6,Weekday,0,1245.0
2020-05-07,27.9,65.0,3.2,Weekday,0,1190.0
2020-05-08,32.3,51.0,0.8,Weekday,0,1219.0
2020-05-09,22.4,76.0,1.8,Weekend,0,1132.0
2020-05-10,34.0,66.0,1.4,Weekend,0,1294.0
2020-05-11,27.2,47.0,5.8,Weekday,0,1217.0
2020-05-12,30.1,62.0,2.8,Weekday,0,1223.0
2020-05-13,29.5,70.0,2.6,Weekday,0,1212.0
2020-05-14,23.6,62.0,0.1,Weekday,0,1156.0
2020-05-15,24.2,62.0,1.6,Weekday,0,1146.0
2020-05-16,34.8,53.0,1.3,Weekend,0,1342.0
2020-05-17,32.0,71.0,5.3,Weekend,0,1224.0
2020-05-18,35.3,59.0,0.6,Weekday,0,1252.0
2020-05-19,31.6,43.0,0.6,Weekday,0,1244.0
2020-05-20,30.7,61.0,1.1,Weekday,0,1241.0
2020-05-21,21.4,75.0,0.6,Weekday,0,1084.0
2020-05-22,28.6,61.0,0.3,Weekday,0,1223.0
2020-05-23,29.9,82.0,3.9,Weekend,0,1208.0
2020-05-24,39.8,69.0,1.6,Weekend,0,1364.0
2020-05-25,33.4,68.0,4.0,Weekday,0,1196.0
2020-05-26,37.7,64.0,3.6,Weekday,0,1258.0
2020-05-27,33.0,64.0,0.7,Weekday,0,1248.0
2020-05-28,26.4,62.0,1.6,Weekday,0,1163.0
2020-05-29,30.6,62.0,0.2,Weekday,0,1171.0
2020-05-30,31.2,70.0,4.9,Weekend,0,1210.0
2020-05-31,25.3,56.0,1.0,Weekend,0,1204.0
2020-06-01,28.1,54.0,1.0,Weekday,0,1187.0
2020-06-02,29.0,54.0,0.7,Weekday,0,1232.0
2020-06-03,38.0,85.0,1.2,Weekday,0,1251.0
2020-06-04,19.6,70.0,0.6,Weekday,0,1096.0
2020-06-05,36.0,68.0,0.9,Weekday,0,1300.0
2020-06-06,25.3,54.0,3.2,Weekend,0,1243.0
2020-06-07,23.1,71.0,3.6,Weekend,0,1177.0
2020-06-08,35.9,64.0,0.7,Weekday,0,1238.0
2020-06-09,33.7,67.0,1.3,Weekday,0,1238.0
2020-06-10,36.3,55.0,4.1,Weekday,0,1278.0
2020-06-11,34.0,67.0,0.1,Weekday,0,1237.0
2020-06-12,40.3,61.0,4.4,Weekday,0,1333.0
2020-06-13,32.8,57.0,0.5,Weekend,0,1303.0
2020-06-14,29.2,72.0,2.3,Weekend,0,1202.0
2020-06-15,31.7,50.0,1.7,Weekday,0,1229.0
2020-06-16,36.2,71.0,1.6,Weekday,0,1298.0
2020-06-17,26.1,72.0,3.9,Weekday,0,1129.0
2020-06-18,26.7,56.0,0.2,Weekday,0,1152.0
2020-06-19,28.5,57.0,0.9,Weekday,0,1195.0
2020-06-20,19.5,63.0,1.5,Weekend,0,1115.0
2020-06-21,30.7,68.0,3.3,Weekend,0,1263.0
2020-06-22,20.6,63.0,0.5,Weekday,0,1078.0
2020-06-23,30.3,69.0,3.2,Weekday,0,1161.0
2020-06-24,34.3,83.0,1.0,Weekday,0,1212.0
2020-06-25,27.6,60.0,0.4,Weekday,0,1216.0
2020-06-26,38.4,48.0,2.8,Weekday,0,1313.0
2020-06-27,22.7,73.0,0.2,Weekend,0,1145.0
2020-06-28,36.0,82.0,1.4,Weekend,0,1283.0
2020-06-29,33.4,69.0,0.1,Weekday,0,1226.0
2020-06-30,21.4,54.0,0.9,Weekday,0,1164.0
2020-07-01,43.6,64.0,1.8,Weekday,0,1356.0
2020-07-02,29.7,54.0,1.6,Weekday,0,1210.0
2020-07-03,25.6,71.0,1.0,Weekday,0,1165.0
2020-07-04,23.0,51.0,1.1,Weekend,0,1218.0
2020-07-05,28.9,62.0,0.5,Weekend,0,1280.0
2020-07-06,29.4,55.0,1.2,Weekday,0,1233.0
2020-07-07,30.5,66.0,6.1,Weekday,0,1193.0
2020-07-08,28.5,61.0,3.8,Weekday,0,1211.0
2020-07-09,33.2,67.0,0.3,Weekday,0,1237.0
2020-07-10,28.1,65.0,0.1,Weekday,0,1175.0
2020-07-11,20.3,55.0,5.4,Weekend,0,1160.0
2020-07-12,29.3,71.0,1.5,Weekend,0,1226.0
2020-07-13,18.2,65.0,1.5,Weekday,0,1097.0
2020-07-14,31.8,55.0,3.0,Weekday,0,1234.0
2020-07-15,25.1,87.0,0.8,Weekday,0,1121.0
2020-07-16,30.8,70.0,1.3,Weekday,0,1177.0
2020-07-17,36.6,63.0,6.9,Weekday,0,1256.0
2020-07-18,25.3,79.0,2.2,Weekend,0,1148.0
2020-07-19,35.3,83.0,0.3,Weekend,0,1295.0
2020-07-20,27.8,64.0,0.3,Weekday,0,1208.0
2020-07-21,38.8,68.0,0.5,Weekday,0,1296.0
2020-07-22,28.2,55.0,2.9,Weekday,0,1204.0
2020-07-23,25.8,64.0,0.7,Weekday,0,1162.0
2020-07-24,33.4,63.0,0.0,Weekday,0,1236.0
2020-07-25,27.8,67.0,5.8,Weekend,0,1205.0
2020-07-26,25.8,68.0,0.4,Weekend,0,1250.0
2020-07-27,27.6,71.0,0.0,Weekday,0,1179.0
2020-07-28,29.8,67.0,0.5,Weekday,0,1175.0
2020-07-29,36.7,53.0,0.5,Weekday,0,1264.0
2020-07-30,20.3,56.0,1.1,Weekday,0,1097.0
2020-07-31,30.1,60.0,5.1,Weekday,0,1188.0
2020-08-01,33.1,62.0,4.2,Weekend,0,1301.0
2020-08-02,31.0,76.0,1.2,Weekend,0,1222.0
2020-08-03,36.5,53.0,1.1,Weekday,0,1322.0
2020-08-04,29.6,61.0,1.6,Weekday,0,1210.0
2020-08-05,29.1,75.0,0.6,Weekday,0,1188.0
2020-08-06,33.0,62.0,0.1,Weekday,0,1255.0
2020-08-07,30.5,70.0,5.6,Weekday,0,1189.0
2020-08-08,28.0,64.0,0.4,Weekend,0,1232.0
2020-08-09,32.6,68.0,0.4,Weekend,0,1231.0
2020-08-10,26.7,63.0,1.3,Weekday,0,1163.0
2020-08-11,26.9,72.0,1.4,Weekday,0,1140.0
2020-08-12,27.4,50.0,0.0,Weekday,0,1220.0
2020-08-13,36.8,61.0,0.3,Weekday,0,1289.0
2020-08-14,13.9,68.0,1.0,Weekday,0,1033.0
2020-08-15,32.0,70.0,2.3,Weekend,0,1294.0
2020-08-16,30.2,80.0,0.5,Weekend,0,1217.0
2020-08-17,21.6,61.0,1.1,Weekday,0,1084.0
2020-08-18,31.5,80.0,1.6,Weekday,0,1189.0
2020-08-19,32.4,58.0,4.4,Weekday,0,1250.0
2020-08-20,32.9,78.0,0.8,Weekday,0,1215.0
2020-08-21,16.7,73.0,0.3,Weekday,0,1052.0
2020-08-22,36.8,56.0,1.3,Weekend,0,1344.0
2020-08-23,26.3,68.0,2.7,Weekend,0,1240.0
2020-08-24,33.4,64.0,0.2,Weekday,0,1227.0
2020-08-25,33.7,71.0,1.1,Weekday,0,1230.0
2020-08-26,25.6,63.0,0.0,Weekday,0,1183.0
2020-08-27,33.3,62.0,0.1,Weekday,0,1254.0
2020-08-28,28.1,79.0,1.3,Weekday,0,1152.0
2020-08-29,19.6,64.0,0.7,Weekend,0,1146.0
2020-08-30,35.8,73.0,3.7,Weekend,0,1278.0
2020-08-31,26.1,63.0,1.8,Weekday,0,1177.0
2020-09-01,25.7,82.0,1.2,Weekday,0,1136.0
2020-09-02,28.0,58.0,1.0,Weekday,1,1341.0
2020-09-03,31.4,59.0,1.4,Weekday,0,1198.0
2020-09-04,29.7,80.0,0.1,Weekday,0,1212.0
2020-09-05,32.7,61.0,4.5,Weekend,0,1268.0
2020-09-06,23.3,81.0,12.8,Weekend,0,1095.0
2020-09-07,26.3,74.0,0.4,Weekday,0,1170.0
2020-09-08,29.4,63.0,0.3,Weekday,0,1224.0
2020-09-09,39.5,47.0,0.3,Weekday,0,1363.0
2020-09-10,29.4,65.0,2.2,Weekday,0,1220.0
2020-09-11,35.4,66.0,2.2,Weekday,0,1250.0
2020-09-12,30.2,77.0,3.8,Weekend,0,1247.0
2020-09-13,27.6,81.0,2.8,Weekend,0,1177.0
2020-09-14,28.8,58.0,1.2,Weekday,0,1200.0
2020-09-15,29.2,73.0,1.9,Weekday,0,1173.0
2020-09-16,33.0,73.0,2.3,Weekday,0,1202.0
2020-09-17,36.9,76.0,1.4,Weekday,0,1251.0
2020-09-18,31.8,70.0,1.3,Weekday,0,1229.0
2020-09-19,35.9,46.0,2.1,Weekend,0,1360.0
2020-09-20,25.2,63.0,1.6,Weekend,0,1196.0
2020-09-21,27.9,53.0,2.1,Weekday,0,1189.0
2020-09-22,26.4,63.0,1.9,Weekday,0,1151.0
2020-09-23,31.6,75.0,2.5,Weekday,0,1195.0
2020-09-24,28.2,68.0,2.1,Weekday,0,1144.0
2020-09-25,33.6,76.0,1.5,Weekday,0,1199.0
2020-09-26,25.3,68.0,2.3,Weekend,0,1186.0
2020-09-27,30.2,52.0,1.2,Weekend,0,1303.0
2020-09-28,33.4,40.0,0.6,Weekday,0,1288.0
2020-09-29,19.7,66.0,0.0,Weekday,0,1125.0
2020-09-30,40.6,63.0,1.6,Weekday,0,1316.0
2020-10-01,28.6,55.0,1.8,Weekday,0,1198.0
2020-10-02,19.9,48.0,7.2,Weekday,0,1098.0
2020-10-03,30.8,58.0,0.9,Weekend,0,1254.0
2020-10-04,30.2,63.0,1.0,Weekend,0,1309.0
2020-10-05,29.6,72.0,0.5,Weekday,0,1212.0
2020-10-06,35.0,67.0,0.1,Weekday,0,1268.0
2020-10-07,33.7,81.0,3.0,Weekday,0,1174.0
2020-10-08,31.5,55.0,0.6,Weekday,0,1233.0
2020-10-09,32.3,74.0,1.9,Weekday,0,1186.0
2020-10-10,29.5,65.0,2.3,Weekend,0,1246.0
2020-10-11,38.9,72.0,1.3,Weekend,0,1310.0
2020-10-12,22.6,61.0,4.2,Weekday,0,1110.0
2020-10-13,30.7,76.0,1.2,Weekday,0,1171.0
2020-10-14,30.3,68.0,0.7,Weekday,0,1199.0
2020-10-15,34.1,58.0,4.5,Weekday,0,1244.0
2020-10-16,25.8,65.0,4.0,Weekday,0,1144.0
2020-10-17,21.3,63.0,0.4,Weekend,0,1206.0
2020-10-18,30.8,70.0,0.1,Weekend,0,1274.0
2020-10-19,31.4,53.0,0.2,Weekday,0,1231.0
2020-10-20,37.4,65.0,0.7,Weekday,0,1287.0
2020-10-21,23.6,69.0,7.2,Weekday,0,1088.0
2020-10-22,35.8,65.0,1.6,Weekday,0,1252.0
2020-10-23,41.8,78.0,0.9,Weekday,0,1307.0
2020-10-24,28.1,73.0,4.4,Weekend,0,1216.0
2020-10-25,23.5,65.0,1.2,Weekend,0,1177.0
2020-10-26,28.0,67.0,0.8,Weekday,0,1160.0
2020-10-27,30.1,68.0,5.7,Weekday,0,1178.0
2020-10-28,32.8,69.0,3.8,Weekday,0,1220.0
2020-10-29,27.0,47.0,3.7,Weekday,0,1185.0
2020-10-30,37.8,62.0,1.4,Weekday,0,1303.0
2020-10-31,24.4,50.0,3.1,Weekend,0,1231.0
2020-11-01,21.3,78.0,0.4,Weekend,0,1132.0
2020-11-02,35.5,64.0,1.7,Weekday,0,1281.0
2020-11-03,18.6,63.0,8.3,Weekday,0,1082.0
2020-11-04,29.0,74.0,0.7,Weekday,0,1220.0
2020-11-05,45.6,69.0,3.2,Weekday,0,1376.0
2020-11-06,29.9,54.0,1.3,Weekday,0,1206.0
2020-11-07,24.4,64.0,0.1,Weekend,0,1224.0
2020-11-08,29.7,62.0,2.9,Weekend,0,1266.0
2020-11-09,29.7,48.0,0.4,Weekday,0,1232.0
2020-11-10,30.8,58.0,2.0,Weekday,0,1231.0
2020-11-11,33.3,63.0,0.2,Weekday,0,1208.0
2020-11-12,24.8,64.0,5.9,Weekday,0,1092.0
2020-11-13,38.4,50.0,0.7,Weekday,0,1286.0
2020-11-14,31.2,77.0,0.5,Weekend,0,1253.0
2020-11-15,33.6,64.0,0.3,Weekend,0,1305.0
2020-11-16,26.9,65.0,5.8,Weekday,0,1145.0
2020-11-17,36.4,69.0,2.5,Weekday,0,1288.0
2020-11-18,28.7,57.0,2.7,Weekday,0,1219.0
2020-11-19,31.4,70.0,1.4,Weekday,0,1175.0
2020-11-20,25.3,61.0,1.3,Weekday,0,1161.0
2020-11-21,25.0,56.0,0.2,Weekend,0,1208.0
2020-11-22,33.4,71.0,1.6,Weekend,0,1282.0
2020-11-23,27.8,80.0,0.6,Weekday,0,1154.0
2020-11-24,25.7,72.0,7.6,Weekday,0,1097.0
2020-11-25,26.8,74.0,3.2,Weekday,0,1178.0
2020-11-26,33.5,60.0,1.1,Weekday,0,1251.0
2020-11-27,26.9,49.0,0.3,Weekday,0,1201.0
2020-11-28,29.4,80.0,3.1,Weekend,0,1203.0
2020-11-29,30.1,86.0,0.3,Weekend,0,1250.0
2020-11-30,20.4,80.0,0.4,Weekday,0,1100.0
2020-12-01,22.6,62.0,0.5,Weekday,0,1136.0
2020-12-02,31.7,53.0,1.6,Weekday,0,1223.0
2020-12-03,26.3,54.0,3.1,Weekday,0,1163.0
2020-12-04,35.3,48.0,0.8,Weekday,0,1283.0
2020-12-05,34.8,64.0,0.2,Weekend,0,1319.0
2020-12-06,33.6,81.0,1.2,Weekend,0,1273.0
2020-12-07,39.1,64.0,2.8,Weekday,0,1274.0
2020-12-08,29.6,68.0,0.5,Weekday,0,1214.0
2020-12-09,33.2,79.0,0.5,Weekday,0,1193.0
2020-12-10,27.1,61.0,5.9,Weekday,0,1147.0
2020-12-11,42.3,85.0,6.2,Weekday,0,1233.0
2020-12-12,39.9,85.0,9.3,Weekend,0,1243.0
2020-12-13,30.1,64.0,3.3,Weekend,0,1228.0
2020-12-14,31.9,59.0,0.4,Weekday,0,1238.0
2020-12-15,36.8,72.0,0.5,Weekday,0,1242.0
2020-12-16,29.3,62.0,0.8,Weekday,0,1235.0
2020-12-17,26.7,53.0,0.8,Weekday,0,1178.0
2020-12-18,34.4,78.0,6.3,Weekday,0,1200.0
2020-12-19,30.4,77.0,3.1,Weekend,0,1251.0
2020-12-20,30.9,67.0,2.6,Weekend,0,1254.0
2020-12-21,25.8,52.0,0.4,Weekday,0,1185.0
2020-12-22,21.4,53.0,4.8,Weekday,0,1127.0
2020-12-23,31.2,66.0,3.5,Weekday,0,1191.0
2020-12-24,34.5,60.0,0.4,Weekday,0,1243.0
2020-12-25,28.9,62.0,4.1,Weekday,0,1197.0
2020-12-26,37.2,75.0,0.6,Weekend,0,1297.0
2020-12-27,26.5,72.0,0.2,Weekend,0,1229.0
2020-12-28,24.7,79.0,2.1,Weekday,0,1134.0
2020-12-29,29.7,55.0,2.1,Weekday,0,1220.0
2020-12-30,29.6,62.0,0.2,Weekday,0,1230.0
2020-12-31,33.8,73.0,0.8,Weekday,0,1217.0
2021-01-01,26.1,69.0,9.9,Weekday,1,1229.0
2021-01-02,36.8,80.0,2.3,Weekend,0,1302.0
2021-01-03,39.8,69.0,2.6,Weekend,0,1331.0
2021-01-04,29.8,83.0,0.5,Weekday,0,1161.0
2021-01-05,36.2,70.0,0.2,Weekday,0,1268.0
2021-01-06,24.7,76.0,0.6,Weekday,0,1171.0
2021-01-07,35.4,62.0,0.6,Weekday,0,1262.0
2021-01-08,35.2,65.0,0.5,Weekday,0,1250.0
2021-01-09,34.3,74.0,0.4,Weekend,0,1307.0
2021-01-10,29.9,81.0,1.7,Weekend,0,1220.0
2021-01-11,15.2,72.0,0.8,Weekday,0,1061.0
2021-01-12,26.8,64.0,3.4,Weekday,0,1192.0
2021-01-13,26.9,79.0,0.4,Weekday,0,1111.0
2021-01-14,25.1,43.0,1.2,Weekday,0,1198.0
2021-01-15,30.6,51.0,0.0,Weekday,0,1239.0
2021-01-16,27.9,72.0,1.3,Weekend,0,1199.0
2021-01-17,25.9,65.0,0.1,Weekend,0,1180.0
2021-01-18,24.7,71.0,7.6,Weekday,0,1075.0
2021-01-19,26.4,66.0,3.1,Weekday,0,1159.0
2021-01-20,35.6,71.0,1.3,Weekday,0,1237.0
2021-01-21,26.7,57.0,0.2,Weekday,0,1176.0
2021-01-22,27.4,71.0,1.8,Weekday,0,1165.0
2021-01-23,27.7,75.0,2.8,Weekend,0,1189.0
2021-01-24,31.7,77.0,0.4,Weekend,0,1277.0
2021-01-25,32.3,85.0,1.7,Weekday,0,1172.0
2021-01-26,14.8,67.0,3.4,Weekday,0,1067.0
2021-01-27,35.1,68.0,2.9,Weekday,0,1240.0
2021-01-28,37.2,50.0,3.2,Weekday,0,1283.0
2021-01-29,24.7,60.0,4.2,Weekday,0,1132.0
2021-01-30,25.1,63.0,5.6,Weekend,0,1217.0
2021-01-31,27.7,76.0,1.0,Weekend,0,1224.0
2021-02-01,26.2,59.0,1.7,Weekday,0,1160.0
2021-02-02,31.1,73.0,3.1,Weekday,0,1192.0
2021-02-03,20.3,65.0,2.4,Weekday,0,1054.0
2021-02-04,24.4,63.0,10.8,Weekday,0,1077.0
2021-02-05,37.7,67.0,0.0,Weekday,0,1268.0
2021-02-06,25.4,61.0,0.9,Weekend,0,1202.0
2021-02-07,36.2,61.0,0.7,Weekend,0,1351.0
2021-02-08,31.8,48.0,0.6,Weekday,0,1221.0
2021-02-09,21.0,63.0,0.5,Weekday,0,1093.0
2021-02-10,33.2,60.0,2.5,Weekday,0,1249.0
2021-02-11,29.4,60.0,0.2,Weekday,0,1218.0
2021-02-12,27.7,69.0,2.7,Weekday,0,1159.0
2021-02-13,31.2,72.0,2.4,Weekend,0,1287.0
2021-02-14,32.4,67.0,0.6,Weekend,0,1289.0
2021-02-15,33.5,75.0,0.6,Weekday,0,1246.0
2021-02-16,35.9,71.0,2.0,Weekday,0,1246.0
2021-02-17,32.0,62.0,2.9,Weekday,0,1211.0
2021-02-18,23.1,60.0,4.2,Weekday,0,1119.0
2021-02-19,27.6,68.0,3.8,Weekday,0,1180.0
2021-02-20,44.7,71.0,6.7,Weekend,0,1377.0
2021-02-21,33.6,79.0,1.7,Weekend,0,1255.0
2021-02-22,41.8,77.0,4.8,Weekday,0,1289.0
2021-02-23,37.0,60.0,3.3,Weekday,0,1293.0
2021-02-24,31.2,64.0,4.5,Weekday,0,1190.0
2021-02-25,31.5,72.0,0.0,Weekday,0,1204.0
2021-02-26,29.8,76.0,6.8,Weekday,0,1161.0
2021-02-27,21.3,74.0,1.3,Weekend,0,1113.0
2021-02-28,30.1,64.0,3.2,Weekend,0,1256.0
2021-03-01,36.1,52.0,0.3,Weekday,0,1273.0
2021-03-02,27.0,55.0,1.0,Weekday,0,1214.0
2021-03-03,32.1,68.0,0.6,Weekday,0,1265.0
2021-03-04,34.3,68.0,0.7,Weekday,0,1230.0
2021-03-05,25.5,54.0,0.3,Weekday,0,1159.0
2021-03-06,27.7,65.0,3.3,Weekend,0,1217.0
2021-03-07,24.9,71.0,0.0,Weekend,0,1192.0
2021-03-08,25.9,53.0,0.7,Weekday,0,1203.0
2021-03-09,23.6,76.0,0.4,Weekday,0,1127.0
2021-03-10,25.5,61.0,1.8,Weekday,0,1158.0
2021-03-11,37.1,78.0,0.6,Weekday,0,1254.0
2021-03-12,25.4,60.0,0.6,Weekday,0,1149.0
2021-03-13,30.6,55.0,1.3,Weekend,0,1296.0
2021-03-14,27.5,60.0,2.1,Weekend,0,1267.0
2021-03-15,35.9,64.0,0.3,Weekday,0,1246.0
2021-03-16,36.6,61.0,0.4,Weekday,0,1250.0
2021-03-17,34.3,63.0,0.6,Weekday,0,1246.0
2021-03-18,31.5,68.0,7.3,Weekday,0,1158.0
2021-03-19,28.8,63.0,1.0,Weekday,0,1171.0
2021-03-20,24.0,64.0,1.8,Weekend,0,1165.0
2021-03-21,39.7,48.0,0.6,Weekend,0,1384.0
2021-03-22,26.2,69.0,1.3,Weekday,0,1149.0
2021-03-23,33.3,64.0,0.2,Weekday,0,1251.0
2021-03-24,35.3,81.0,0.1,Weekday,0,1219.0
2021-03-25,27.2,56.0,1.3,Weekday,0,1169.0
2021-03-26,35.2,47.0,1.0,Weekday,0,1293.0
2021-03-27,33.8,71.0,0.3,Weekend,0,1263.0
2021-03-28,38.6,68.0,2.3,Weekend,0,1339.0
2021-03-29,27.7,55.0,9.9,Weekday,0,1124.0
2021-03-30,23.6,50.0,1.0,Weekday,0,1128.0
2021-03-31,27.5,80.0,2.0,Weekday,0,1113.0
2021-04-01,31.0,79.0,6.6,Weekday,0,1151.0
2021-04-02,30.3,40.0,3.6,Weekday,0,1239.0
2021-04-03,28.0,60.0,1.2,Weekend,0,1247.0
2021-04-04,20.5,82.0,2.7,Weekend,0,1106.0
2021-04-05,32.4,60.0,0.3,Weekday,0,1226.0
2021-04-06,39.9,60.0,1.4,Weekday,0,1341.0
2021-04-07,32.3,62.0,0.7,Weekday,0,1259.0
2021-04-08,33.0,54.0,0.4,Weekday,0,1280.0
2021-04-09,32.9,48.0,1.1,Weekday,0,1274.0
2021-04-10,32.0,76.0,0.3,Weekend,0,1264.0
2021-04-11,34.7,47.0,2.4,Weekend,0,1315.0
2021-04-12,32.0,67.0,1.2,Weekday,0,1223.0
2021-04-13,28.4,74.0,1.5,Weekday,0,1150.0
2021-04-14,26.0,50.0,0.3,Weekday,0,1177.0
2021-04-15,28.8,56.0,0.3,Weekday,0,1182.0
2021-04-16,31.6,77.0,1.8,Weekday,0,1201.0
2021-04-17,28.4,70.0,8.4,Weekend,0,1195.0
2021-04-18,31.6,59.0,0.2,Weekend,0,1281.0
2021-04-19,32.2,77.0,0.7,Weekday,0,1196.0
2021-04-20,34.2,77.0,4.1,Weekday,0,1171.0
2021-04-21,36.4,68.0,0.2,Weekday,0,1272.0
2021-04-22,30.4,56.0,4.2,Weekday,0,1205.0
2021-04-23,23.5,61.0,1.5,Weekday,0,1163.0
2021-04-24,28.3,68.0,1.0,Weekend,0,1235.0
2021-04-25,30.2,63.0,0.7,Weekend,0,1277.0
2021-04-26,20.8,74.0,0.7,Weekday,0,1096.0
2021-04-27,36.9,50.0,0.7,Weekday,0,1309.0
2021-04-28,30.7,50.0,4.3,Weekday,0,1244.0
2021-04-29,31.9,67.0,2.6,Weekday,0,1208.0
2021-04-30,36.8,60.0,2.2,Weekday,1,1386.0
2021-05-01,26.8,59.0,3.2,Weekend,1,1315.0
2021-05-02,32.9,47.0,0.6,Weekend,0,1319.0
2021-05-03,29.5,65.0,1.9,Weekday,0,1227.0
2021-05-04,29.1,64.0,1.2,Weekday,0,1210.0
2021-05-05,26.1,72.0,3.1,Weekday,0,1131.0
2021-05-06,38.3,66.0,0.7,Weekday,0,1296.0
2021-05-07,28.1,64.0,2.1,Weekday,0,1157.0
2021-05-08,33.5,77.0,4.3,Weekend,0,1245.0
2021-05-09,20.6,52.0,1.0,Weekend,0,1168.0
2021-05-10,35.9,70.0,0.1,Weekday,0,1268.0
2021-05-11,35.3,48.0,1.5,Weekday,0,1286.0
2021-05-12,30.5,57.0,0.8,Weekday,0,1233.0
2021-05-13,28.9,53.0,2.2,Weekday,0,1227.0
2021-05-14,32.0,73.0,6.0,Weekday,0,1175.0
2021-05-15,41.4,64.0,1.3,Weekend,0,1361.0
2021-05-16,21.2,65.0,1.3,Weekend,0,1165.0
2021-05-17,33.9,54.0,2.1,Weekday,0,1243.0
2021-05-18,25.4,62.0,0.2,Weekday,0,1169.0
2021-05-19,29.9,57.0,0.6,Weekday,0,1223.0
2021-05-20,28.8,69.0,5.0,Weekday,0,1170.0
2021-05-21,27.9,55.0,2.2,Weekday,0,1206.0
2021-05-22,29.9,78.0,0.0,Weekend,0,1201.0
2021-05-23,24.3,48.0,0.5,Weekend,0,1209.0
2021-05-24,35.1,57.0,2.3,Weekday,0,1242.0
2021-05-25,21.0,82.0,2.9,Weekday,0,1073.0
2021-05-26,32.7,61.0,3.7,Weekday,0,1221.0
2021-05-27,28.4,52.0,0.7,Weekday,0,1171.0
2021-05-28,24.1,67.0,5.3,Weekday,0,1159.0
2021-05-29,31.0,60.0,1.6,Weekend,0,1232.0
2021-05-30,22.2,57.0,2.4,Weekend,0,1187.0
2021-05-31,30.2,54.0,1.8,Weekday,0,1236.0
2021-06-01,22.9,93.0,0.3,Weekday,0,1067.0
2021-06-02,32.3,62.0,6.6,Weekday,0,1219.0
2021-06-03,25.4,46.0,0.3,Weekday,0,1180.0
2021-06-04,27.7,80.0,0.6,Weekday,0,1157.0
2021-06-05,31.5,71.0,3.4,Weekend,0,1202.0
2021-06-06,26.1,57.0,1.9,Weekend,0,1251.0
2021-06-07,29.7,56.0,3.6,Weekday,0,1207.0
2021-06-08,22.4,72.0,1.5,Weekday,0,1081.0
2021-06-09,33.2,63.0,0.9,Weekday,0,1254.0
2021-06-10,38.8,46.0,5.1,Weekday,0,1343.0
2021-06-11,44.0,83.0,0.1,Weekday,0,1295.0
2021-06-12,30.5,61.0,3.9,Weekend,0,1249.0
2021-06-13,33.9,80.0,0.5,Weekend,0,1256.0
2021-06-14,21.1,78.0,3.8,Weekday,0,1061.0
2021-06-15,37.5,55.0,0.3,Weekday,0,1286.0
2021-06-16,33.9,75.0,1.7,Weekday,0,1208.0
2021-06-17,27.6,58.0,4.4,Weekday,0,1166.0
2021-06-18,36.2,46.0,1.3,Weekday,0,1296.0
2021-06-19,28.7,61.0,2.7,Weekend,0,1233.0
2021-06-20,27.7,69.0,3.3,Weekend,0,1228.0
2021-06-21,32.4,60.0,2.7,Weekday,0,1244.0
2021-06-22,24.7,62.0,5.2,Weekday,0,1106.0
2021-06-23,35.1,76.0,1.2,Weekday,0,1221.0
2021-06-24,24.7,66.0,0.4,Weekday,0,1178.0
2021-06-25,24.7,57.0,0.1,Weekday,0,1178.0
2021-06-26,25.5,72.0,0.6,Weekend,0,1205.0
2021-06-27,33.8,67.0,0.3,Weekend,0,1297.0
2021-06-28,26.9,40.0,1.6,Weekday,0,1216.0
2021-06-29,23.3,69.0,0.4,Weekday,0,1132.0
2021-06-30,27.0,69.0,0.1,Weekday,0,1163.0
2021-07-01,29.8,65.0,0.1,Weekday,0,1225.0
2021-07-02,24.1,74.0,3.6,Weekday,0,1107.0
2021-07-03,24.2,58.0,1.8,Weekend,0,1205.0
2021-07-04,40.6,68.0,0.9,Weekend,0,1370.0
2021-07-05,25.7,49.0,4.5,Weekday,0,1170.0
2021-07-06,28.4,69.0,0.1,Weekday,0,1184.0
2021-07-07,28.2,85.0,7.9,Weekday,0,1105.0
2021-07-08,27.9,55.0,1.9,Weekday,0,1198.0
2021-07-09,33.1,57.0,0.4,Weekday,0,1249.0
2021-07-10,34.7,58.0,2.3,Weekend,0,1299.0
2021-07-11,28.5,66.0,2.9,Weekend,0,1214.0
2021-07-12,23.8,54.0,1.1,Weekday,0,1161.0
2021-07-13,36.4,69.0,4.0,Weekday,0,1266.0
2021-07-14,29.5,73.0,0.3,Weekday,0,1200.0
2021-07-15,38.7,70.0,0.7,Weekday,0,1252.0
2021-07-16,18.8,47.0,0.2,Weekday,0,1124.0
2021-07-17,31.0,75.0,0.5,Weekend,0,1235.0
2021-07-18,39.6,74.0,0.5,Weekend,0,1304.0
2021-07-19,28.2,73.0,5.0,Weekday,0,1157.0
2021-07-20,28.9,69.0,0.2,Weekday,0,1188.0
2021-07-21,31.5,67.0,1.1,Weekday,0,1256.0
2021-07-22,27.2,75.0,1.5,Weekday,0,1148.0
2021-07-23,28.4,84.0,4.6,Weekday,0,1117.0
2021-07-24,28.3,55.0,12.1,Weekend,0,1185.0
2021-07-25,26.9,76.0,2.8,Weekend,0,1184.0
2021-07-26,36.1,64.0,7.1,Weekday,0,1249.0
2021-07-27,32.3,64.0,3.1,Weekday,0,1234.0
2021-07-28,31.3,50.0,6.6,Weekday,0,1279.0
2021-07-29,34.0,62.0,2.5,Weekday,0,1219.0
2021-07-30,28.7,55.0,0.2,Weekday,0,1218.0
2021-07-31,26.1,60.0,1.0,Weekend,0,1212.0
2021-08-01,27.0,54.0,2.1,Weekend,0,1249.0
2021-08-02,30.0,61.0,0.9,Weekday,0,1241.0
2021-08-03,24.7,61.0,0.6,Weekday,0,1179.0
2021-08-04,27.5,66.0,1.7,Weekday,0,1150.0
2021-08-05,27.4,49.0,5.4,Weekday,0,1203.0
2021-08-06,40.6,51.0,0.1,Weekday,0,1301.0
2021-08-07,16.1,69.0,2.9,Weekend,0,1051.0
2021-08-08,29.1,57.0,2.6,Weekend,0,1249.0
2021-08-09,38.6,76.0,6.6,Weekday,0,1253.0
2021-08-10,30.6,67.0,5.3,Weekday,0,1192.0
2021-08-11,33.8,71.0,2.9,Weekday,0,1260.0
2021-08-12,30.5,79.0,1.5,Weekday,0,1182.0
2021-08-13,26.7,62.0,0.5,Weekday,0,1178.0
2021-08-14,18.8,59.0,1.6,Weekend,0,1175.0
2021-08-15,31.0,74.0,2.9,Weekend,0,1230.0
2021-08-16,26.1,70.0,4.5,Weekday,0,1146.0
2021-08-17,26.0,63.0,3.1,Weekday,0,1167.0
2021-08-18,27.5,79.0,0.4,Weekday,0,1136.0
2021-08-19,38.7,63.0,1.8,Weekday,0,1300.0
2021-08-20,42.0,65.0,0.8,Weekday,0,1370.0
2021-08-21,31.1,65.0,0.0,Weekend,0,1294.0
2021-08-22,27.7,56.0,0.4,Weekend,0,1236.0
2021-08-23,24.1,66.0,0.2,Weekday,0,1195.0
2021-08-24,32.3,79.0,3.7,Weekday,0,1200.0
2021-08-25,38.9,69.0,0.6,Weekday,0,1296.0
2021-08-26,28.8,65.0,0.7,Weekday,0,1193.0
2021-08-27,18.1,63.0,6.4,Weekday,0,1077.0
2021-08-28,33.4,68.0,1.0,Weekend,0,1285.0
2021-08-29,34.9,72.0,0.0,Weekend,0,1295.0
2021-08-30,22.1,71.0,0.7,Weekday,0,1113.0
2021-08-31,30.9,62.0,0.3,Weekday,0,1243.0
2021-09-01,32.3,68.0,0.2,Weekday,0,1243.0
2021-09-02,29.6,70.0,0.2,Weekday,1,1292.0
2021-09-03,26.0,55.0,1.8,Weekday,0,1151.0
2021-09-04,35.1,67.0,0.4,Weekend,0,1306.0
2021-09-05,28.0,43.0,0.9,Weekend,0,1265.0
2021-09-06,22.6,70.0,4.0,Weekday,0,1097.0
2021-09-07,19.8,72.0,1.1,Weekday,0,1086.0
2021-09-08,36.3,72.0,4.9,Weekday,0,1213.0
2021-09-09,33.1,61.0,1.4,Weekday,0,1210.0
2021-09-10,30.4,68.0,1.0,Weekday,0,1209.0
2021-09-11,27.8,79.0,2.8,Weekend,0,1197.0
2021-09-12,27.4,79.0,0.2,Weekend,0,1205.0
2021-09-13,24.6,65.0,0.2,Weekday,0,1165.0
2021-09-14,27.8,66.0,2.1,Weekday,0,1162.0
2021-09-15,19.4,76.0,1.3,Weekday,0,1082.0
2021-09-16,26.3,50.0,3.1,Weekday,0,1214.0
2021-09-17,28.4,62.0,5.0,Weekday,0,1170.0
2021-09-18,33.0,78.0,1.0,Weekend,0,1297.0
2021-09-19,29.8,75.0,1.8,Weekend,0,1230.0
2021-09-20,34.0,69.0,1.4,Weekday,0,1218.0
2021-09-21,36.7,50.0,8.0,Weekday,0,1284.0
2021-09-22,35.3,65.0,3.6,Weekday,0,1243.0
2021-09-23,32.4,59.0,4.9,Weekday,0,1243.0
2021-09-24,30.1,68.0,0.6,Weekday,0,1210.0
2021-09-25,25.1,57.0,3.0,Weekend,0,1205.0
2021-09-26,33.7,55.0,0.6,Weekend,0,1344.0
2021-09-27,38.4,44.0,0.5,Weekday,0,1324.0
2021-09-28,31.7,77.0,5.8,Weekday,0,1131.0
2021-09-29,39.6,61.0,0.0,Weekday,0,1332.0
2021-09-30,22.4,67.0,6.7,Weekday,0,1103.0
2021-10-01,24.2,65.0,0.3,Weekday,0,1176.0
2021-10-02,34.3,54.0,3.4,Weekend,0,1290.0
2021-10-03,31.3,52.0,0.6,Weekend,0,1291.0
2021-10-04,36.6,55.0,0.9,Weekday,0,1284.0
2021-10-05,29.9,58.0,0.5,Weekday,0,1239.0
2021-10-06,25.7,69.0,1.8,Weekday,0,1163.0
2021-10-07,28.9,57.0,0.9,Weekday,0,1215.0
2021-10-08,22.3,82.0,2.1,Weekday,0,1093.0
2021-10-09,24.4,75.0,0.0,Weekend,0,1161.0
2021-10-10,34.9,73.0,0.1,Weekend,0,1308.0
2021-10-11,34.4,64.0,0.2,Weekday,0,1271.0
2021-10-12,31.8,80.0,1.1,Weekday,0,1238.0
2021-10-13,21.4,63.0,3.4,Weekday,0,1120.0
2021-10-14,28.2,65.0,4.4,Weekday,0,1183.0
2021-10-15,23.9,67.0,0.6,Weekday,0,1152.0
2021-10-16,35.9,72.0,1.7,Weekend,0,1283.0
2021-10-17,27.1,71.0,2.9,Weekend,0,1229.0
2021-10-18,24.6,60.0,0.7,Weekday,0,1161.0
2021-10-19,30.1,60.0,1.1,Weekday,0,1212.0
2021-10-20,26.8,71.0,1.5,Weekday,0,1156.0
2021-10-21,37.4,72.0,0.3,Weekday,0,1267.0
2021-10-22,26.3,61.0,0.1,Weekday,0,1171.0
2021-10-23,23.0,49.0,0.3,Weekend,0,1225.0
2021-10-24,19.2,63.0,2.0,Weekend,0,1144.0
2021-10-25,29.8,71.0,0.2,Weekday,0,1191.0
2021-10-26,27.2,83.0,0.4,Weekday,0,1154.0
2021-10-27,22.9,53.0,0.8,Weekday,0,1161.0
2021-10-28,35.9,61.0,0.2,Weekday,0,1265.0
2021-10-29,33.3,61.0,0.4,Weekday,0,1234.0
2021-10-30,29.9,79.0,4.8,Weekend,0,1209.0
2021-10-31,36.8,65.0,0.0,Weekend,0,1313.0
2021-11-01,33.3,56.0,2.1,Weekday,0,1234.0
2021-11-02,25.9,71.0,1.0,Weekday,0,1136.0
2021-11-03,24.8,61.0,2.2,Weekday,0,1160.0
2021-11-04,34.1,53.0,1.8,Weekday,0,1290.0
2021-11-05,32.0,56.0,0.5,Weekday,0,1252.0
2021-11-06,30.8,82.0,3.8,Weekend,0,1233.0
2021-11-07,25.8,69.0,1.4,Weekend,0,1202.0
2021-11-08,33.0,66.0,3.5,Weekday,0,1223.0
2021-11-09,26.2,63.0,1.0,Weekday,0,1204.0
2021-11-10,29.5,68.0,8.4,Weekday,0,1174.0
2021-11-11,37.2,68.0,2.9,Weekday,0,1280.0
2021-11-12,26.7,68.0,6.8,Weekday,0,1132.0
2021-11-13,22.1,66.0,1.4,Weekend,0,1172.0
2021-11-14,24.7,74.0,1.3,Weekend,0,1191.0
2021-11-15,35.0,65.0,2.8,Weekday,0,1234.0
2021-11-16,31.3,55.0,4.2,Weekday,0,1175.0
2021-11-17,29.4,59.0,6.7,Weekday,0,1190.0
2021-11-18,27.5,45.0,0.8,Weekday,0,1240.0
2021-11-19,32.4,85.0,3.2,Weekday,0,1179.0
2021-11-20,25.8,74.0,0.5,Weekend,0,1186.0
2021-11-21,31.5,57.0,1.6,Weekend,0,1276.0
2021-11-22,26.3,62.0,0.4,Weekday,0,1136.0
2021-11-23,25.5,59.0,0.9,Weekday,0,1166.0
2021-11-24,26.8,80.0,5.4,Weekday,0,1099.0
2021-11-25,28.1,51.0,0.3,Weekday,0,1204.0
2021-11-26,29.8,66.0,2.0,Weekday,0,1173.0
2021-11-27,31.2,64.0,1.8,Weekend,0,1239.0
2021-11-28,11.6,73.0,0.3,Weekend,0,1038.0
2021-11-29,26.0,64.0,0.8,Weekday,0,1181.0
2021-11-30,28.0,47.0,1.7,Weekday,0,1207.0
2021-12-01,37.5,62.0,0.4,Weekday,0,1267.0
2021-12-02,24.6,55.0,3.2,Weekday,0,1175.0
2021-12-03,30.8,66.0,7.2,Weekday,0,1183.0
2021-12-04,37.5,79.0,0.5,Weekend,0,1257.0
2021-12-05,23.4,48.0,0.4,Weekend,0,1246.0
2021-12-06,32.0,57.0,1.2,Weekday,0,1241.0
2021-12-07,26.0,59.0,2.8,Weekday,0,1183.0
2021-12-08,27.5,61.0,0.7,Weekday,0,1185.0
2021-12-09,26.0,72.0,0.0,Weekday,0,1188.0
2021-12-10,26.3,63.0,1.6,Weekday,0,1161.0
2021-12-11,43.6,69.0,6.3,Weekend,0,1304.0
2021-12-12,34.2,59.0,1.0,Weekend,0,1291.0
2021-12-13,35.5,67.0,1.1,Weekday,0,1266.0
2021-12-14,32.5,73.0,6.9,Weekday,0,1188.0
2021-12-15,22.0,58.0,2.4,Weekday,0,1130.0
2021-12-16,32.0,73.0,2.5,Weekday,0,1182.0
2021-12-17,35.4,66.0,1.7,Weekday,0,1254.0
2021-12-18,25.7,75.0,7.3,Weekend,0,1160.0
2021-12-19,34.8,63.0,2.3,Weekend,0,1300.0
2021-12-20,33.5,69.0,4.5,Weekday,0,1225.0
2021-12-21,39.3,65.0,2.4,Weekday,0,1295.0
2021-12-22,27.9,64.0,2.7,Weekday,0,1172.0
2021-12-23,24.5,68.0,0.7,Weekday,0,1125.0
2021-12-24,28.2,70.0,0.7,Weekday,0,1206.0
2021-12-25,37.2,53.0,3.1,Weekend,0,1380.0
2021-12-26,20.9,79.0,0.7,Weekend,0,1172.0
2021-12-27,19.7,46.0,1.7,Weekday,0,1150.0
2021-12-28,30.4,58.0,0.6,Weekday,0,1191.0
2021-12-29,27.8,64.0,3.4,Weekday,0,1137.0
2021-12-30,30.0,69.0,0.2,Weekday,0,1190.0
2021-12-31,34.7,81.0,3.5,Weekday,0,1206.0
2022-01-01,27.2,46.0,1.8,Weekend,1,1359.0
2022-01-02,20.6,60.0,0.4,Weekend,0,1178.0
2022-01-03,40.2,44.0,1.6,Weekday,0,1318.0
2022-01-04,25.0,65.0,0.7,Weekday,0,1189.0
2022-01-05,24.7,68.0,0.8,Weekday,0,1177.0
2022-01-06,35.5,81.0,0.9,Weekday,0,1202.0
2022-01-07,28.1,66.0,0.1,Weekday,0,1151.0
2022-01-08,29.7,75.0,8.5,Weekend,0,1193.0
2022-01-09,32.4,71.0,0.1,Weekend,0,1297.0
2022-01-10,35.4,61.0,2.2,Weekday,0,1260.0
2022-01-11,28.3,51.0,0.9,Weekday,0,1222.0
2022-01-12,37.6,68.0,2.1,Weekday,0,1261.0
2022-01-13,19.3,50.0,0.9,Weekday,0,1131.0
2022-01-14,33.8,78.0,2.2,Weekday,0,1230.0
2022-01-15,25.8,63.0,2.6,Weekend,0,1217.0
2022-01-16,36.9,77.0,2.3,Weekend,0,1305.0
2022-01-17,30.7,60.0,0.2,Weekday,0,1193.0
2022-01-18,26.6,68.0,2.1,Weekday,0,1202.0
2022-01-19,33.3,67.0,0.7,Weekday,0,1202.0
2022-01-20,34.5,65.0,0.1,Weekday,0,1258.0
2022-01-21,33.2,61.0,1.1,Weekday,0,1241.0
2022-01-22,24.9,69.0,1.1,Weekend,0,1193.0
2022-01-23,27.6,56.0,1.3,Weekend,0,1265.0
2022-01-24,30.0,53.0,2.4,Weekday,0,1208.0
2022-01-25,29.8,77.0,0.7,Weekday,0,1172.0
2022-01-26,33.7,72.0,0.8,Weekday,0,1206.0
2022-01-27,19.9,66.0,0.1,Weekday,0,1129.0
2022-01-28,31.7,82.0,2.3,Weekday,0,1187.0
2022-01-29,28.6,62.0,1.7,Weekend,0,1256.0
2022-01-30,25.8,78.0,0.9,Weekend,0,1204.0
2022-01-31,26.3,67.0,2.4,Weekday,0,1197.0
2022-02-01,28.9,55.0,1.5,Weekday,0,1248.0
2022-02-02,12.0,83.0,1.3,Weekday,0,994.0
2022-02-03,26.5,75.0,1.4,Weekday,0,1151.0
2022-02-04,25.6,64.0,2.0,Weekday,0,1147.0
2022-02-05,32.7,72.0,2.2,Weekend,0,1277.0
2022-02-06,26.0,61.0,0.7,Weekend,0,1239.0
2022-02-07,28.9,73.0,0.3,Weekday,0,1167.0
2022-02-08,37.7,41.0,0.3,Weekday,0,1348.0
2022-02-09,35.0,55.0,2.0,Weekday,0,1290.0
2022-02-10,34.5,75.0,4.1,Weekday,0,1192.0
2022-02-11,27.5,63.0,1.1,Weekday,0,1187.0
2022-02-12,32.7,67.0,0.4,Weekend,0,1280.0
2022-02-13,28.8,52.0,2.8,Weekend,0,1260.0
2022-02-14,29.0,83.0,3.6,Weekday,0,1127.0
2022-02-15,32.0,77.0,4.3,Weekday,0,1148.0
2022-02-16,27.0,63.0,1.9,Weekday,0,1159.0
2022-02-17,37.5,61.0,3.9,Weekday,0,1256.0
2022-02-18,29.2,75.0,0.0,Weekday,0,1189.0
2022-02-19,33.1,85.0,0.2,Weekend,0,1257.0
2022-02-20,37.3,75.0,0.2,Weekend,0,1318.0
2022-02-21,35.2,87.0,2.5,Weekday,0,1178.0
2022-02-22,23.0,56.0,0.1,Weekday,0,1135.0
2022-02-23,32.2,57.0,1.4,Weekday,0,1229.0
2022-02-24,34.3,53.0,1.3,Weekday,0,1271.0
2022-02-25,34.5,69.0,0.7,Weekday,0,1237.0
2022-02-26,24.4,67.0,4.1,Weekend,0,1186.0
2022-02-27,26.7,63.0,0.4,Weekend,0,1249.0
2022-02-28,35.0,73.0,0.9,Weekday,0,1220.0
2022-03-01,26.2,77.0,3.0,Weekday,0,1114.0
2022-03-02,28.5,50.0,0.1,Weekday,0,1227.0
2022-03-03,37.9,59.0,2.2,Weekday,0,1288.0
2022-03-04,29.8,73.0,3.4,Weekday,0,1190.0
2022-03-05,26.4,60.0,5.4,Weekend,0,1207.0
2022-03-06,25.6,57.0,4.2,Weekend,0,1246.0
2022-03-07,31.7,75.0,0.8,Weekday,0,1171.0
2022-03-08,23.3,52.0,1.8,Weekday,0,1177.0
2022-03-09,28.8,62.0,0.2,Weekday,0,1207.0
2022-03-10,31.7,68.0,0.6,Weekday,0,1190.0
2022-03-11,36.5,59.0,0.2,Weekday,0,1245.0
2022-03-12,33.3,73.0,0.8,Weekend,0,1250.0
2022-03-13,26.4,59.0,4.2,Weekend,0,1239.0
2022-03-14,35.9,79.0,0.9,Weekday,0,1258.0
2022-03-15,28.5,64.0,1.7,Weekday,0,1186.0
2022-03-16,23.8,72.0,1.1,Weekday,0,1121.0
2022-03-17,29.1,72.0,1.2,Weekday,0,1164.0
2022-03-18,37.2,59.0,7.0,Weekday,0,1255.0
2022-03-19,30.8,44.0,0.7,Weekend,0,1297.0
2022-03-20,30.1,69.0,2.0,Weekend,0,1277.0
2022-03-21,38.2,66.0,1.1,Weekday,0,1260.0
2022-03-22,22.8,71.0,0.1,Weekday,0,1133.0
2022-03-23,23.6,63.0,1.3,Weekday,0,1179.0
2022-03-24,21.9,61.0,3.4,Weekday,0,1135.0
2022-03-25,31.9,85.0,0.2,Weekday,0,1166.0
2022-03-26,30.8,50.0,0.1,Weekend,0,1267.0
2022-03-27,37.7,72.0,0.3,Weekend,0,1327.0
2022-03-28,31.2,59.0,2.9,Weekday,0,1223.0
2022-03-29,28.0,62.0,2.6,Weekday,0,1208.0
2022-03-30,30.0,62.0,1.7,Weekday,0,1218.0
2022-03-31,30.6,57.0,1.3,Weekday,0,1216.0
2022-04-01,21.6,71.0,4.4,Weekday,0,1081.0
2022-04-02,43.6,79.0,2.9,Weekend,0,1327.0
2022-04-03,32.6,70.0,3.3,Weekend,0,1262.0
2022-04-04,31.1,66.0,3.4,Weekday,0,1174.0
2022-04-05,33.1,55.0,2.1,Weekday,0,1269.0
2022-04-06,33.5,70.0,1.2,Weekday,0,1241.0
2022-04-07,29.3,87.0,4.0,Weekday,0,1150.0
2022-04-08,26.8,61.0,5.2,Weekday,0,1134.0
2022-04-09,33.0,61.0,0.0,Weekend,0,1295.0
2022-04-10,31.9,59.0,0.1,Weekend,0,1283.0
2022-04-11,26.0,60.0,6.4,Weekday,0,1150.0
2022-04-12,37.1,38.0,0.6,Weekday,0,1343.0
2022-04-13,31.5,69.0,4.1,Weekday,0,1186.0
2022-04-14,33.6,57.0,1.0,Weekday,0,1247.0
2022-04-15,37.0,49.0,0.3,Weekday,0,1324.0
2022-04-16,30.1,73.0,0.2,Weekend,0,1221.0
2022-04-17,31.6,54.0,0.3,Weekend,0,1282.0
2022-04-18,34.1,62.0,0.6,Weekday,0,1254.0
2022-04-19,26.4,80.0,1.3,Weekday,0,1155.0
2022-04-20,30.3,51.0,2.4,Weekday,0,1210.0
2022-04-21,30.6,50.0,8.6,Weekday,0,1239.0
2022-04-22,25.2,68.0,1.2,Weekday,0,1123.0
2022-04-23,41.6,76.0,1.5,Weekend,0,1378.0
2022-04-24,23.0,49.0,1.5,Weekend,0,1238.0
2022-04-25,23.5,69.0,1.6,Weekday,0,1100.0
2022-04-26,36.6,71.0,1.5,Weekday,0,1224.0
2022-04-27,33.6,44.0,0.0,Weekday,0,1302.0
2022-04-28,24.9,73.0,0.0,Weekday,0,1135.0
2022-04-29,33.0,74.0,0.2,Weekday,0,1201.0
2022-04-30,37.3,62.0,0.2,Weekend,1,1474.0
2022-05-01,29.8,78.0,2.4,Weekend,1,1296.0
2022-05-02,43.0,76.0,0.5,Weekday,0,1301.0
2022-05-03,21.4,66.0,4.5,Weekday,0,1087.0
2022-05-04,33.5,60.0,5.3,Weekday,0,1173.0
2022-05-05,35.8,55.0,7.5,Weekday,0,1252.0
2022-05-06,34.5,65.0,5.6,Weekday,0,1209.0
2022-05-07,29.0,71.0,0.6,Weekend,0,1251.0
2022-05-08,28.5,62.0,1.4,Weekend,0,1263.0
2022-05-09,32.2,43.0,0.4,Weekday,0,1279.0
2022-05-10,34.1,78.0,3.3,Weekday,0,1213.0
2022-05-11,33.0,67.0,4.4,Weekday,0,1217.0
2022-05-12,35.2,61.0,3.8,Weekday,0,1237.0
2022-05-13,24.9,74.0,1.1,Weekday,0,1123.0
2022-05-14,28.9,80.0,2.8,Weekend,0,1231.0
2022-05-15,25.3,37.0,0.2,Weekend,0,1283.0
2022-05-16,28.1,69.0,0.1,Weekday,0,1187.0
2022-05-17,35.1,51.0,2.8,Weekday,0,1287.0
2022-05-18,30.5,70.0,1.1,Weekday,0,1198.0
2022-05-19,43.0,66.0,10.8,Weekday,0,1288.0
2022-05-20,31.0,71.0,0.2,Weekday,0,1219.0
2022-05-21,30.3,60.0,3.9,Weekend,0,1212.0
2022-05-22,30.5,46.0,1.3,Weekend,0,1315.0
2022-05-23,26.8,60.0,3.5,Weekday,0,1187.0
2022-05-24,29.7,69.0,3.4,Weekday,0,1166.0
2022-05-25,35.6,75.0,5.0,Weekday,0,1246.0
2022-05-26,30.6,53.0,0.7,Weekday,0,1192.0
2022-05-27,26.0,75.0,6.0,Weekday,0,1127.0
2022-05-28,25.4,59.0,0.3,Weekend,0,1225.0
2022-05-29,27.7,69.0,0.2,Weekend,0,1222.0
2022-05-30,30.4,60.0,1.1,Weekday,0,1219.0
2022-05-31,36.0,67.0,3.5,Weekday,0,1260.0
2022-06-01,23.3,74.0,1.3,Weekday,0,1082.0
2022-06-02,28.4,53.0,3.5,Weekday,0,1221.0
2022-06-03,30.7,58.0,2.6,Weekday,0,1210.0
2022-06-04,20.8,67.0,0.5,Weekend,0,1182.0
2022-06-05,25.8,89.0,5.9,Weekend,0,1153.0
2022-06-06,26.6,56.0,0.1,Weekday,0,1185.0
2022-06-07,26.0,85.0,4.6,Weekday,0,1105.0
2022-06-08,31.0,85.0,0.7,Weekday,0,1176.0
2022-06-09,29.2,64.0,1.4,Weekday,0,1229.0
2022-06-10,27.2,62.0,1.1,Weekday,0,1160.0
2022-06-11,32.1,58.0,0.4,Weekend,0,1284.0
2022-06-12,38.6,64.0,0.9,Weekend,0,1312.0
2022-06-13,38.2,51.0,0.4,Weekday,0,1320.0
2022-06-14,20.4,64.0,0.5,Weekday,0,1101.0
2022-06-15,32.9,80.0,0.4,Weekday,0,1197.0
2022-06-16,29.1,59.0,1.3,Weekday,0,1236.0
2022-06-17,30.8,63.0,3.2,Weekday,0,1190.0
2022-06-18,28.0,48.0,1.7,Weekend,0,1262.0
2022-06-19,30.6,69.0,4.5,Weekend,0,1226.0
2022-06-20,30.8,68.0,2.0,Weekday,0,1194.0
2022-06-21,27.1,66.0,2.3,Weekday,0,1223.0
2022-06-22,25.5,63.0,2.2,Weekday,0,1123.0
2022-06-23,27.8,62.0,1.2,Weekday,0,1201.0
2022-06-24,31.2,70.0,2.3,Weekday,0,1249.0
2022-06-25,33.0,65.0,0.1,Weekend,0,1311.0
2022-06-26,34.3,68.0,3.9,Weekend,0,1278.0
2022-06-27,27.5,67.0,3.0,Weekday,0,1143.0
2022-06-28,31.4,76.0,0.6,Weekday,0,1225.0
2022-06-29,34.8,72.0,2.9,Weekday,0,1248.0
2022-06-30,35.8,67.0,0.0,Weekday,0,1233.0
2022-07-01,29.7,80.0,0.5,Weekday,0,1168.0
2022-07-02,28.9,69.0,0.1,Weekend,0,1216.0
2022-07-03,31.0,78.0,3.0,Weekend,0,1172.0
2022-07-04,24.3,71.0,2.8,Weekday,0,1102.0
2022-07-05,29.0,47.0,3.4,Weekday,0,1221.0
2022-07-06,33.7,78.0,0.0,Weekday,0,1233.0
2022-07-07,33.2,66.0,1.4,Weekday,0,1227.0
2022-07-08,28.6,64.0,2.4,Weekday,0,1213.0
2022-07-09,31.1,68.0,0.3,Weekend,0,1284.0
2022-07-10,25.9,62.0,2.1,Weekend,0,1212.0
2022-07-11,33.5,67.0,0.2,Weekday,0,1235.0
2022-07-12,29.6,59.0,0.4,Weekday,0,1224.0
2022-07-13,28.6,78.0,1.3,Weekday,0,1163.0
2022-07-14,28.2,64.0,2.1,Weekday,0,1155.0
2022-07-15,29.7,61.0,0.3,Weekday,0,1208.0
2022-07-16,27.8,56.0,0.4,Weekend,0,1267.0
2022-07-17,33.3,68.0,0.5,Weekend,0,1311.0
2022-07-18,28.0,67.0,0.5,Weekday,0,1203.0
2022-07-19,38.0,69.0,0.5,Weekday,0,1286.0
2022-07-20,37.3,55.0,1.0,Weekday,0,1327.0
2022-07-21,25.5,49.0,2.1,Weekday,0,1195.0
2022-07-22,30.3,71.0,1.2,Weekday,0,1193.0
2022-07-23,26.7,80.0,3.0,Weekend,0,1212.0
2022-07-24,28.4,55.0,2.5,Weekend,0,1266.0
2022-07-25,40.0,81.0,0.3,Weekday,0,1303.0
2022-07-26,28.5,68.0,0.1,Weekday,0,1165.0
2022-07-27,31.8,65.0,4.2,Weekday,0,1190.0
2022-07-28,32.7,61.0,0.2,Weekday,0,1228.0
2022-07-29,25.0,51.0,0.3,Weekday,0,1190.0
2022-07-30,25.7,75.0,0.0,Weekend,0,1233.0
2022-07-31,24.0,57.0,2.0,Weekend,0,1183.0
2022-08-01,25.6,57.0,1.7,Weekday,0,1192.0
2022-08-02,15.7,75.0,8.7,Weekday,0,979.0
2022-08-03,32.7,46.0,4.4,Weekday,0,1295.0
2022-08-04,40.3,50.0,1.1,Weekday,0,1306.0
2022-08-05,30.7,65.0,0.9,Weekday,0,1227.0
2022-08-06,22.9,68.0,0.7,Weekend,0,1197.0
2022-08-07,26.8,70.0,0.3,Weekend,0,1229.0
2022-08-08,27.7,62.0,0.3,Weekday,0,1174.0
2022-08-09,24.9,90.0,0.3,Weekday,0,1086.0
2022-08-10,34.3,63.0,0.2,Weekday,0,1281.0
2022-08-11,34.1,63.0,0.6,Weekday,0,1273.0
2022-08-12,24.2,57.0,0.7,Weekday,0,1185.0
2022-08-13,33.6,66.0,6.5,Weekend,0,1285.0
2022-08-14,37.6,71.0,1.7,Weekend,0,1285.0
2022-08-15,39.5,77.0,8.8,Weekday,0,1206.0
2022-08-16,44.3,50.0,0.9,Weekday,0,1365.0
2022-08-17,25.5,63.0,1.2,Weekday,0,1153.0
2022-08-18,44.1,69.0,0.8,Weekday,0,1327.0
2022-08-19,28.2,71.0,0.4,Weekday,0,1184.0
2022-08-20,27.0,65.0,0.3,Weekend,0,1251.0
2022-08-21,31.6,70.0,5.8,Weekend,0,1231.0
2022-08-22,27.1,57.0,8.7,Weekday,0,1137.0
2022-08-23,32.0,81.0,0.1,Weekday,0,1214.0
2022-08-24,23.4,75.0,0.3,Weekday,0,1117.0
2022-08-25,28.8,52.0,1.1,Weekday,0,1221.0
2022-08-26,36.4,54.0,0.4,Weekday,0,1287.0
2022-08-27,29.7,55.0,0.9,Weekend,0,1279.0
2022-08-28,30.7,72.0,0.3,Weekend,0,1231.0
2022-08-29,32.4,52.0,1.2,Weekday,0,1269.0
2022-08-30,35.9,62.0,0.6,Weekday,0,1271.0
2022-08-31,21.7,70.0,0.9,Weekday,0,1097.0
2022-09-01,32.9,64.0,0.2,Weekday,0,1251.0
2022-09-02,28.7,68.0,1.1,Weekday,1,1270.0
2022-09-03,30.8,54.0,8.2,Weekend,0,1235.0
2022-09-04,35.3,71.0,0.8,Weekend,0,1273.0
2022-09-05,24.0,59.0,4.2,Weekday,0,1107.0
2022-09-06,24.9,62.0,3.7,Weekday,0,1157.0
2022-09-07,20.3,67.0,6.1,Weekday,0,1102.0
2022-09-08,27.3,66.0,3.1,Weekday,0,1156.0
2022-09-09,36.7,65.0,2.2,Weekday,0,1250.0
2022-09-10,29.4,57.0,3.9,Weekend,0,1214.0
2022-09-11,23.3,62.0,0.2,Weekend,0,1155.0
2022-09-12,27.6,65.0,1.2,Weekday,0,1195.0
2022-09-13,22.6,51.0,9.1,Weekday,0,1079.0
2022-09-14,24.4,60.0,2.9,Weekday,0,1127.0
2022-09-15,31.9,69.0,6.5,Weekday,0,1194.0
2022-09-16,24.1,52.0,3.0,Weekday,0,1164.0
2022-09-17,35.6,77.0,4.2,Weekend,0,1277.0
2022-09-18,29.6,78.0,2.5,Weekend,0,1218.0
2022-09-19,30.4,53.0,2.9,Weekday,0,1216.0
2022-09-20,28.6,79.0,1.5,Weekday,0,1138.0
2022-09-21,33.9,64.0,5.2,Weekday,0,1212.0
2022-09-22,33.9,69.0,3.5,Weekday,0,1218.0
2022-09-23,31.7,60.0,3.7,Weekday,0,1181.0
2022-09-24,32.8,74.0,2.2,Weekend,0,1243.0
2022-09-25,28.9,69.0,0.7,Weekend,0,1230.0
2022-09-26,32.7,57.0,0.1,Weekday,0,1239.0
2022-09-27,28.3,53.0,5.5,Weekday,0,1183.0
2022-09-28,30.0,50.0,1.8,Weekday,0,1244.0
2022-09-29,28.6,67.0,0.7,Weekday,0,1204.0
2022-09-30,27.7,71.0,0.3,Weekday,0,1204.0
2022-10-01,26.6,72.0,3.5,Weekend,0,1164.0
2022-10-02,32.3,64.0,3.6,Weekend,0,1259.0
2022-10-03,36.6,53.0,3.4,Weekday,0,1308.0
2022-10-04,35.9,58.0,2.1,Weekday,0,1238.0
2022-10-05,23.7,77.0,0.9,Weekday,0,1095.0
2022-10-06,36.4,60.0,0.7,Weekday,0,1268.0
2022-10-07,28.4,66.0,0.0,Weekday,0,1233.0
2022-10-08,33.0,54.0,3.6,Weekend,0,1275.0
2022-10-09,25.5,68.0,0.2,Weekend,0,1230.0
2022-10-10,30.7,60.0,2.0,Weekday,0,1216.0
2022-10-11,31.6,75.0,1.4,Weekday,0,1176.0
2022-10-12,22.6,73.0,1.5,Weekday,0,1168.0
2022-10-13,33.0,60.0,5.2,Weekday,0,1228.0
2022-10-14,36.7,64.0,0.1,Weekday,0,1286.0
2022-10-15,29.1,59.0,3.0,Weekend,0,1259.0
2022-10-16,36.8,51.0,0.1,Weekend,0,1365.0
2022-10-17,29.1,56.0,0.1,Weekday,0,1262.0
2022-10-18,34.2,67.0,1.1,Weekday,0,1278.0
2022-10-19,18.9,68.0,0.1,Weekday,0,1074.0
2022-10-20,42.1,66.0,3.1,Weekday,0,1354.0
2022-10-21,37.5,62.0,1.5,Weekday,0,1269.0
2022-10-22,28.6,74.0,0.1,Weekend,0,1234.0
2022-10-23,20.1,66.0,0.1,Weekend,0,1129.0
2022-10-24,31.4,72.0,1.9,Weekday,0,1221.0
2022-10-25,22.8,47.0,3.3,Weekday,0,1151.0
2022-10-26,32.2,30.0,1.2,Weekday,0,1273.0
2022-10-27,32.1,68.0,1.6,Weekday,0,1241.0
2022-10-28,25.3,51.0,3.2,Weekday,0,1204.0
2022-10-29,35.6,63.0,1.9,Weekend,0,1340.0
2022-10-30,34.0,62.0,0.5,Weekend,0,1273.0
2022-10-31,34.9,81.0,1.9,Weekday,0,1249.0
2022-11-01,30.0,69.0,2.0,Weekday,0,1186.0
2022-11-02,22.9,67.0,2.6,Weekday,0,1163.0
2022-11-03,34.9,73.0,1.9,Weekday,0,1246.0
2022-11-04,28.6,69.0,7.0,Weekday,0,1158.0
2022-11-05,23.1,60.0,0.4,Weekend,0,1199.0
2022-11-06,36.8,76.0,6.0,Weekend,0,1276.0
2022-11-07,40.5,54.0,1.5,Weekday,0,1316.0
2022-11-08,29.8,68.0,2.2,Weekday,0,1170.0
2022-11-09,40.8,50.0,0.2,Weekday,0,1340.0
2022-11-10,30.5,67.0,1.0,Weekday,0,1230.0
2022-11-11,28.1,67.0,2.9,Weekday,0,1145.0
2022-11-12,26.8,82.0,2.5,Weekend,0,1208.0
2022-11-13,38.2,49.0,0.1,Weekend,0,1376.0
2022-11-14,26.1,59.0,1.6,Weekday,0,1191.0
2022-11-15,33.7,73.0,0.2,Weekday,0,1247.0
2022-11-16,27.2,68.0,11.0,Weekday,0,1140.0
2022-11-17,27.7,67.0,4.6,Weekday,0,1160.0
2022-11-18,35.2,55.0,0.0,Weekday,0,1283.0
2022-11-19,28.1,59.0,3.9,Weekend,0,1251.0
2022-11-20,28.0,77.0,5.0,Weekend,0,1170.0
2022-11-21,35.7,64.0,0.9,Weekday,0,1241.0
2022-11-22,38.0,69.0,2.5,Weekday,0,1260.0
2022-11-23,33.2,64.0,1.2,Weekday,0,1244.0
2022-11-24,26.7,53.0,2.1,Weekday,0,1229.0
2022-11-25,27.4,74.0,0.8,Weekday,0,1163.0
2022-11-26,30.4,70.0,0.8,Weekend,0,1290.0
2022-11-27,31.6,88.0,1.1,Weekend,0,1235.0
2022-11-28,25.1,55.0,0.3,Weekday,0,1170.0
2022-11-29,33.6,73.0,3.6,Weekday,0,1235.0
2022-11-30,30.4,52.0,0.9,Weekday,0,1231.0
2022-12-01,21.4,67.0,1.0,Weekday,0,1120.0
2022-12-02,25.4,75.0,4.5,Weekday,0,1095.0
2022-12-03,27.5,44.0,1.4,Weekend,0,1240.0
2022-12-04,29.6,63.0,1.6,Weekend,0,1263.0
2022-12-05,39.4,59.0,6.3,Weekday,0,1307.0
2022-12-06,31.2,58.0,4.4,Weekday,0,1253.0
2022-12-07,25.8,69.0,0.4,Weekday,0,1142.0
2022-12-08,31.1,76.0,1.3,Weekday,0,1222.0
2022-12-09,28.2,64.0,7.1,Weekday,0,1185.0
2022-12-10,31.6,67.0,0.9,Weekend,0,1258.0
2022-12-11,32.9,66.0,0.9,Weekend,0,1310.0
2022-12-12,36.0,65.0,0.4,Weekday,0,1287.0
2022-12-13,29.9,54.0,0.2,Weekday,0,1253.0
2022-12-14,38.2,76.0,2.7,Weekday,0,1300.0
2022-12-15,34.5,68.0,2.9,Weekday,0,1257.0
2022-12-16,26.5,69.0,6.9,Weekday,0,1090.0
2022-12-17,41.0,57.0,3.0,Weekend,0,1377.0
2022-12-18,31.6,60.0,0.6,Weekend,0,1252.0
2022-12-19,25.8,63.0,0.1,Weekday,0,1175.0
2022-12-20,38.3,50.0,8.5,Weekday,0,1282.0
2022-12-21,40.4,48.0,0.8,Weekday,0,1332.0
2022-12-22,29.8,59.0,0.7,Weekday,0,1196.0
2022-12-23,27.5,70.0,4.7,Weekday,0,1141.0
2022-12-24,29.1,58.0,1.8,Weekend,0,1249.0
2022-12-25,33.6,55.0,0.5,Weekend,0,1311.0
2022-12-26,36.4,57.0,4.4,Weekday,0,1270.0
2022-12-27,32.9,60.0,10.0,Weekday,0,1211.0
2022-12-28,30.5,61.0,0.2,Weekday,0,1216.0
2022-12-29,37.5,87.0,4.0,Weekday,0,1247.0
2022-12-30,28.4,76.0,1.0,Weekday,0,1166.0
2022-12-31,35.2,75.0,1.5,Weekend,0,1303.0
2023-01-01,28.6,77.0,4.9,Weekend,1,1291.0
2023-01-02,32.2,55.0,7.3,Weekday,0,1270.0
2023-01-03,29.4,53.0,0.6,Weekday,0,1234.0
2023-01-04,29.7,54.0,0.5,Weekday,0,1259.0
2023-01-05,28.1,78.0,0.2,Weekday,0,1150.0
2023-01-06,36.7,60.0,1.7,Weekday,0,1270.0
2023-01-07,26.3,52.0,0.0,Weekend,0,1244.0
2023-01-08,26.3,61.0,1.1,Weekend,0,1275.0
2023-01-09,40.6,63.0,0.2,Weekday,0,1315.0
2023-01-10,34.9,68.0,1.0,Weekday,0,1232.0
2023-01-11,18.1,68.0,0.1,Weekday,0,1111.0
2023-01-12,27.2,57.0,3.6,Weekday,0,1181.0
2023-01-13,20.9,72.0,0.5,Weekday,0,1098.0
2023-01-14,25.2,59.0,0.8,Weekend,0,1208.0
2023-01-15,14.3,63.0,4.1,Weekend,0,1096.0
2023-01-16,29.3,72.0,2.7,Weekday,0,1197.0
2023-01-17,24.3,59.0,0.5,Weekday,0,1178.0
2023-01-18,30.3,59.0,0.1,Weekday,0,1215.0
2023-01-19,21.9,71.0,2.5,Weekday,0,1085.0
2023-01-20,30.4,56.0,1.0,Weekday,0,1147.0
2023-01-21,27.9,61.0,2.9,Weekend,0,1214.0
2023-01-22,37.5,71.0,1.2,Weekend,0,1310.0
2023-01-23,37.1,86.0,0.8,Weekday,0,1234.0
2023-01-24,33.9,71.0,1.2,Weekday,0,1226.0
2023-01-25,28.4,70.0,2.8,Weekday,0,1226.0
2023-01-26,39.9,70.0,4.7,Weekday,0,1285.0
2023-01-27,22.2,54.0,0.1,Weekday,0,1129.0
2023-01-28,23.0,66.0,1.5,Weekend,0,1194.0
2023-01-29,29.6,65.0,0.1,Weekend,0,1263.0
2023-01-30,41.3,68.0,1.3,Weekday,0,1290.0
2023-01-31,29.0,66.0,4.3,Weekday,0,1182.0
2023-02-01,29.1,69.0,0.9,Weekday,0,1199.0
2023-02-02,22.8,62.0,5.4,Weekday,0,1137.0
2023-02-03,34.7,66.0,2.0,Weekday,0,1209.0
2023-02-04,34.8,53.0,5.4,Weekend,0,1318.0
2023-02-05,33.9,62.0,2.8,Weekend,0,1319.0
2023-02-06,26.9,79.0,0.2,Weekday,0,1188.0
2023-02-07,26.5,68.0,0.5,Weekday,0,1142.0
2023-02-08,23.5,65.0,1.0,Weekday,0,1137.0
2023-02-09,30.4,84.0,0.4,Weekday,0,1173.0
2023-02-10,24.6,51.0,1.4,Weekday,0,1191.0
2023-02-11,24.1,54.0,1.3,Weekend,0,1213.0
2023-02-12,27.9,82.0,6.3,Weekend,0,1159.0
2023-02-13,27.6,65.0,1.1,Weekday,0,1185.0
2023-02-14,27.3,63.0,3.1,Weekday,0,1165.0
2023-02-15,32.3,53.0,5.7,Weekday,0,1240.0
2023-02-16,30.4,69.0,4.2,Weekday,0,1169.0
2023-02-17,28.6,70.0,0.5,Weekday,0,1163.0
2023-02-18,30.9,54.0,1.4,Weekend,0,1310.0
2023-02-19,25.0,64.0,0.9,Weekend,0,1253.0
2023-02-20,30.5,62.0,1.0,Weekday,0,1252.0
2023-02-21,30.8,68.0,0.9,Weekday,0,1206.0
2023-02-22,22.5,54.0,3.5,Weekday,0,1161.0
2023-02-23,35.0,78.0,1.2,Weekday,0,1214.0
2023-02-24,25.6,74.0,1.5,Weekday,0,1151.0
2023-02-25,30.5,61.0,8.1,Weekend,0,1221.0
2023-02-26,35.8,63.0,0.1,Weekend,0,1347.0
2023-02-27,34.6,64.0,1.3,Weekday,0,1274.0
2023-02-28,30.2,57.0,3.0,Weekday,0,1255.0
2023-03-01,28.2,61.0,0.3,Weekday,0,1194.0
2023-03-02,34.7,62.0,1.9,Weekday,0,1285.0
2023-03-03,33.4,81.0,0.5,Weekday,0,1220.0
2023-03-04,26.9,74.0,4.0,Weekend,0,1193.0
2023-03-05,26.0,74.0,0.8,Weekend,0,1205.0
2023-03-06,19.6,69.0,0.8,Weekday,0,1128.0
2023-03-07,30.8,54.0,1.8,Weekday,0,1228.0
2023-03-08,29.6,65.0,0.4,Weekday,0,1202.0
2023-03-09,35.7,75.0,0.7,Weekday,0,1202.0
2023-03-10,31.8,52.0,1.1,Weekday,0,1246.0
2023-03-11,36.7,71.0,0.9,Weekend,0,1316.0
2023-03-12,26.5,88.0,1.5,Weekend,0,1156.0
2023-03-13,35.7,76.0,1.8,Weekday,0,1216.0
2023-03-14,27.4,79.0,1.7,Weekday,0,1110.0
2023-03-15,33.9,67.0,2.1,Weekday,0,1223.0
2023-03-16,22.7,75.0,0.7,Weekday,0,1142.0
2023-03-17,31.2,58.0,0.3,Weekday,0,1205.0
2023-03-18,20.1,73.0,2.9,Weekend,0,1146.0
2023-03-19,28.7,72.0,3.8,Weekend,0,1232.0
2023-03-20,32.2,68.0,0.6,Weekday,0,1272.0
2023-03-21,27.4,78.0,1.0,Weekday,0,1174.0
2023-03-22,24.7,60.0,1.4,Weekday,0,1179.0
2023-03-23,34.2,63.0,1.5,Weekday,0,1256.0
2023-03-24,29.5,66.0,2.2,Weekday,0,1192.0
2023-03-25,27.6,55.0,0.1,Weekend,0,1273.0
2023-03-26,30.2,67.0,2.6,Weekend,0,1270.0
2023-03-27,43.2,48.0,0.1,Weekday,0,1379.0
2023-03-28,35.8,75.0,1.3,Weekday,0,1267.0
2023-03-29,35.8,65.0,3.5,Weekday,0,1308.0
2023-03-30,32.2,60.0,1.2,Weekday,0,1237.0
2023-03-31,30.8,57.0,0.3,Weekday,0,1234.0
2023-04-01,18.0,63.0,8.4,Weekend,0,1100.0
2023-04-02,26.6,72.0,4.4,Weekend,0,1193.0
2023-04-03,27.6,70.0,3.0,Weekday,0,1185.0
2023-04-04,20.6,58.0,1.1,Weekday,0,1126.0
2023-04-05,24.2,57.0,0.4,Weekday,0,1170.0
2023-04-06,20.1,72.0,5.7,Weekday,0,1064.0
2023-04-07,29.8,58.0,1.5,Weekday,0,1224.0
2023-04-08,34.1,66.0,3.8,Weekend,0,1270.0
2023-04-09,35.5,66.0,0.8,Weekend,0,1284.0
2023-04-10,32.1,68.0,0.8,Weekday,0,1230.0
2023-04-11,25.2,74.0,8.5,Weekday,0,1141.0
2023-04-12,20.3,52.0,1.5,Weekday,0,1126.0
2023-04-13,21.2,46.0,0.3,Weekday,0,1138.0
2023-04-14,23.7,59.0,0.5,Weekday,0,1195.0
2023-04-15,25.6,83.0,1.3,Weekend,0,1174.0
2023-04-16,29.2,85.0,0.1,Weekend,0,1230.0
2023-04-17,24.9,83.0,1.2,Weekday,0,1102.0
2023-04-18,31.7,63.0,1.1,Weekday,0,1226.0
2023-04-19,28.8,47.0,3.0,Weekday,0,1247.0
2023-04-20,30.1,42.0,0.9,Weekday,0,1255.0
2023-04-21,35.7,59.0,8.1,Weekday,0,1241.0
2023-04-22,24.1,63.0,0.4,Weekend,0,1173.0
2023-04-23,32.1,78.0,1.8,Weekend,0,1262.0
2023-04-24,29.9,74.0,0.2,Weekday,0,1174.0
2023-04-25,28.3,67.0,2.6,Weekday,0,1198.0
2023-04-26,34.4,56.0,10.5,Weekday,0,1224.0
2023-04-27,34.4,55.0,3.4,Weekday,0,1263.0
2023-04-28,25.3,68.0,1.6,Weekday,0,1164.0
2023-04-29,29.1,72.0,1.3,Weekend,0,1238.0
2023-04-30,31.4,69.0,3.6,Weekend,1,1382.0
2023-05-01,28.6,55.0,5.5,Weekday,1,1320.0
2023-05-02,32.9,72.0,9.1,Weekday,0,1155.0
2023-05-03,31.4,69.0,1.0,Weekday,0,1208.0
2023-05-04,39.2,54.0,9.4,Weekday,0,1294.0
2023-05-05,22.3,57.0,0.3,Weekday,0,1129.0
2023-05-06,29.4,72.0,0.6,Weekend,0,1206.0
2023-05-07,25.5,63.0,0.2,Weekend,0,1203.0
2023-05-08,33.0,81.0,0.6,Weekday,0,1203.0
2023-05-09,21.9,70.0,2.9,Weekday,0,1023.0
2023-05-10,31.7,60.0,3.8,Weekday,0,1196.0
2023-05-11,26.8,65.0,3.0,Weekday,0,1127.0
2023-05-12,26.3,66.0,2.0,Weekday,0,1184.0
2023-05-13,22.8,58.0,1.4,Weekend,0,1214.0
2023-05-14,27.7,56.0,2.5,Weekend,0,1248.0
2023-05-15,35.4,72.0,1.0,Weekday,0,1247.0
2023-05-16,29.9,73.0,3.7,Weekday,0,1185.0
2023-05-17,33.1,71.0,2.3,Weekday,0,1198.0
2023-05-18,38.3,80.0,2.4,Weekday,0,1276.0
2023-05-19,31.3,60.0,1.5,Weekday,0,1227.0
2023-05-20,27.2,82.0,4.3,Weekend,0,1195.0
2023-05-21,32.3,56.0,0.6,Weekend,0,1316.0
2023-05-22,27.3,55.0,1.0,Weekday,0,1209.0
2023-05-23,27.5,47.0,3.0,Weekday,0,1212.0
2023-05-24,22.4,61.0,1.4,Weekday,0,1140.0
2023-05-25,34.6,60.0,4.4,Weekday,0,1243.0
2023-05-26,28.1,70.0,0.9,Weekday,0,1186.0
2023-05-27,30.9,67.0,0.9,Weekend,0,1265.0
2023-05-28,24.8,53.0,4.4,Weekend,0,1200.0
2023-05-29,32.2,61.0,1.2,Weekday,0,1246.0
2023-05-30,26.2,61.0,1.5,Weekday,0,1178.0
2023-05-31,29.3,47.0,0.8,Weekday,0,1259.0
2023-06-01,34.4,55.0,0.6,Weekday,0,1235.0
2023-06-02,34.0,57.0,2.1,Weekday,0,1256.0
2023-06-03,29.9,79.0,0.3,Weekend,0,1215.0
2023-06-04,21.2,67.0,4.2,Weekend,0,1137.0
2023-06-05,45.0,72.0,3.0,Weekday,0,1342.0
2023-06-06,38.7,50.0,0.4,Weekday,0,1296.0
2023-06-07,33.6,77.0,2.4,Weekday,0,1213.0
2023-06-08,26.2,78.0,1.8,Weekday,0,1138.0
2023-06-09,29.4,45.0,0.4,Weekday,0,1221.0
2023-06-10,27.3,58.0,0.6,Weekend,0,1247.0
2023-06-11,36.3,70.0,1.1,Weekend,0,1292.0
2023-06-12,31.3,71.0,2.4,Weekday,0,1243.0
2023-06-13,26.1,58.0,2.0,Weekday,0,1199.0
2023-06-14,27.6,62.0,1.5,Weekday,0,1186.0
2023-06-15,35.6,59.0,2.9,Weekday,0,1255.0
2023-06-16,38.0,66.0,2.8,Weekday,0,1284.0
2023-06-17,37.6,77.0,1.9,Weekend,0,1318.0
2023-06-18,33.8,57.0,3.1,Weekend,0,1304.0
2023-06-19,28.7,75.0,0.8,Weekday,0,1153.0
2023-06-20,13.8,57.0,4.3,Weekday,0,1038.0
2023-06-21,31.5,57.0,1.9,Weekday,0,1233.0
2023-06-22,30.0,73.0,3.5,Weekday,0,1182.0
2023-06-23,30.7,74.0,1.6,Weekday,0,1197.0
2023-06-24,30.3,74.0,0.5,Weekend,0,1257.0
2023-06-25,23.4,52.0,1.6,Weekend,0,1239.0
2023-06-26,32.8,60.0,0.9,Weekday,0,1264.0
2023-06-27,33.2,73.0,2.4,Weekday,0,1226.0
2023-06-28,33.4,65.0,1.3,Weekday,0,1212.0
2023-06-29,34.7,54.0,3.6,Weekday,0,1285.0
2023-06-30,33.0,70.0,2.3,Weekday,0,1235.0
2023-07-01,27.9,58.0,2.3,Weekend,0,1236.0
2023-07-02,29.6,83.0,0.5,Weekend,0,1218.0
2023-07-03,30.5,80.0,8.3,Weekday,0,1145.0
2023-07-04,30.5,71.0,3.7,Weekday,0,1176.0
2023-07-05,35.0,79.0,3.1,Weekday,0,1182.0
2023-07-06,33.2,66.0,0.8,Weekday,0,1214.0
2023-07-07,40.4,73.0,1.5,Weekday,0,1272.0
2023-07-08,41.0,80.0,0.3,Weekend,0,1299.0
2023-07-09,30.4,67.0,1.5,Weekend,0,1230.0
2023-07-10,10.8,62.0,0.3,Weekday,0,1045.0
2023-07-11,36.2,48.0,1.6,Weekday,0,1308.0
2023-07-12,27.3,64.0,2.1,Weekday,0,1155.0
2023-07-13,26.0,73.0,1.0,Weekday,0,1135.0
2023-07-14,28.0,74.0,1.4,Weekday,0,1190.0
2023-07-15,27.8,70.0,4.2,Weekend,0,1231.0
2023-07-16,33.1,60.0,0.2,Weekend,0,1301.0
2023-07-17,22.2,45.0,3.1,Weekday,0,1180.0
2023-07-18,24.6,60.0,0.4,Weekday,0,1149.0
2023-07-19,31.7,62.0,0.1,Weekday,0,1237.0
2023-07-20,33.1,62.0,0.4,Weekday,0,1216.0
2023-07-21,33.2,71.0,2.9,Weekday,0,1208.0
2023-07-22,26.1,85.0,1.0,Weekend,0,1177.0
2023-07-23,25.1,66.0,4.1,Weekend,0,1155.0
2023-07-24,27.5,63.0,1.5,Weekday,0,1193.0
2023-07-25,31.2,62.0,0.0,Weekday,0,1243.0
2023-07-26,37.4,66.0,2.5,Weekday,0,1290.0
2023-07-27,19.8,57.0,0.2,Weekday,0,1170.0
2023-07-28,28.9,66.0,3.1,Weekday,0,1190.0
2023-07-29,23.3,70.0,0.4,Weekend,0,1180.0
2023-07-30,21.7,67.0,0.8,Weekend,0,1137.0
2023-07-31,34.8,70.0,2.9,Weekday,0,1241.0
2023-08-01,32.7,69.0,6.2,Weekday,0,1209.0
2023-08-02,32.2,47.0,0.9,Weekday,0,1236.0
2023-08-03,34.6,71.0,3.5,Weekday,0,1222.0
2023-08-04,27.6,58.0,0.4,Weekday,0,1198.0
2023-08-05,27.8,54.0,3.3,Weekend,0,1254.0
2023-08-06,40.9,54.0,2.1,Weekend,0,1398.0
2023-08-07,28.8,69.0,0.4,Weekday,0,1177.0
2023-08-08,33.7,63.0,0.7,Weekday,0,1252.0
2023-08-09,30.0,48.0,0.3,Weekday,0,1254.0
2023-08-10,20.8,70.0,1.0,Weekday,0,1099.0
2023-08-11,19.8,51.0,0.5,Weekday,0,1125.0
2023-08-12,27.1,66.0,2.1,Weekend,0,1233.0
2023-08-13,35.3,67.0,10.4,Weekend,0,1253.0
2023-08-14,33.9,74.0,0.0,Weekday,0,1207.0
2023-08-15,34.6,83.0,1.6,Weekday,0,1239.0
2023-08-16,25.1,51.0,1.7,Weekday,0,1159.0
2023-08-17,38.1,64.0,4.9,Weekday,0,1267.0
2023-08-18,25.2,62.0,1.4,Weekday,0,1167.0
2023-08-19,31.1,69.0,1.6,Weekend,0,1264.0
2023-08-20,29.9,67.0,1.3,Weekend,0,1252.0
2023-08-21,29.1,61.0,0.6,Weekday,0,1147.0
2023-08-22,36.7,61.0,0.1,Weekday,0,1270.0
2023-08-23,26.5,54.0,1.1,Weekday,0,1197.0
2023-08-24,23.3,75.0,0.1,Weekday,0,1120.0
2023-08-25,30.1,70.0,1.6,Weekday,0,1203.0
2023-08-26,28.0,74.0,0.7,Weekend,0,1239.0
2023-08-27,46.9,62.0,1.5,Weekend,0,1438.0
2023-08-28,33.4,58.0,0.3,Weekday,0,1242.0
2023-08-29,28.0,54.0,5.4,Weekday,0,1174.0
2023-08-30,24.7,69.0,4.5,Weekday,0,1159.0
2023-08-31,20.6,55.0,0.4,Weekday,0,1130.0
2023-09-01,24.9,83.0,0.8,Weekday,0,1117.0
2023-09-02,30.6,52.0,1.9,Weekend,1,1393.0
2023-09-03,37.1,68.0,0.2,Weekend,0,1349.0
2023-09-04,35.6,81.0,0.9,Weekday,0,1211.0
2023-09-05,31.1,71.0,0.6,Weekday,0,1196.0
2023-09-06,28.4,67.0,4.9,Weekday,0,1133.0
2023-09-07,31.3,55.0,3.8,Weekday,0,1218.0
2023-09-08,27.4,51.0,1.7,Weekday,0,1215.0
2023-09-09,38.6,73.0,1.5,Weekend,0,1315.0
2023-09-10,29.1,80.0,5.3,Weekend,0,1230.0
2023-09-11,29.6,61.0,5.4,Weekday,0,1189.0
2023-09-12,18.9,54.0,7.0,Weekday,0,1084.0
2023-09-13,29.0,40.0,0.3,Weekday,0,1241.0
2023-09-14,34.2,55.0,0.4,Weekday,0,1243.0
2023-09-15,24.7,64.0,2.3,Weekday,0,1146.0
2023-09-16,26.2,81.0,1.6,Weekend,0,1189.0
2023-09-17,34.0,72.0,0.0,Weekend,0,1284.0
2023-09-18,22.6,68.0,0.1,Weekday,0,1134.0
2023-09-19,35.3,61.0,4.4,Weekday,0,1236.0
2023-09-20,27.3,59.0,4.1,Weekday,0,1150.0
2023-09-21,28.1,79.0,0.9,Weekday,0,1156.0
2023-09-22,24.4,67.0,4.4,Weekday,0,1132.0
2023-09-23,31.9,44.0,1.8,Weekend,0,1309.0
2023-09-24,42.3,58.0,3.3,Weekend,0,1385.0
2023-09-25,33.9,56.0,1.1,Weekday,0,1277.0
2023-09-26,25.7,60.0,0.2,Weekday,0,1191.0
2023-09-27,35.7,71.0,1.1,Weekday,0,1267.0
2023-09-28,28.4,64.0,1.2,Weekday,0,1210.0
2023-09-29,36.9,64.0,1.6,Weekday,0,1283.0
2023-09-30,34.0,78.0,0.2,Weekend,0,1280.0
2023-10-01,15.3,58.0,9.5,Weekend,0,1118.0
2023-10-02,25.0,84.0,0.6,Weekday,0,1135.0
2023-10-03,34.7,58.0,0.4,Weekday,0,1252.0
2023-10-04,30.8,66.0,1.5,Weekday,0,1171.0
2023-10-05,24.9,62.0,1.5,Weekday,0,1153.0
2023-10-06,26.8,66.0,1.2,Weekday,0,1182.0
2023-10-07,20.5,69.0,3.0,Weekend,0,1161.0
2023-10-08,29.6,69.0,1.5,Weekend,0,1215.0
2023-10-09,41.1,57.0,1.9,Weekday,0,1342.0
2023-10-10,34.0,54.0,2.6,Weekday,0,1282.0
2023-10-11,41.0,90.0,0.1,Weekday,0,1282.0
2023-10-12,34.4,60.0,1.7,Weekday,0,1264.0
2023-10-13,35.1,72.0,4.3,Weekday,0,1223.0
2023-10-14,39.9,49.0,0.0,Weekend,0,1382.0
2023-10-15,31.9,62.0,1.0,Weekend,0,1296.0
2023-10-16,29.1,64.0,5.2,Weekday,0,1189.0
2023-10-17,35.2,70.0,0.9,Weekday,0,1241.0
2023-10-18,37.3,38.0,1.2,Weekday,0,1382.0
2023-10-19,27.6,67.0,8.0,Weekday,0,1112.0
2023-10-20,26.4,54.0,0.4,Weekday,0,1189.0
2023-10-21,30.7,68.0,0.1,Weekend,0,1245.0
2023-10-22,34.2,55.0,3.9,Weekend,0,1310.0
2023-10-23,34.0,56.0,4.1,Weekday,0,1209.0
2023-10-24,22.9,62.0,1.3,Weekday,0,1164.0
2023-10-25,39.6,54.0,1.4,Weekday,0,1341.0
2023-10-26,26.8,60.0,3.6,Weekday,0,1175.0
2023-10-27,28.7,53.0,2.7,Weekday,0,1201.0
2023-10-28,25.5,47.0,0.6,Weekend,0,1262.0
2023-10-29,43.5,75.0,0.0,Weekend,0,1382.0
2023-10-30,31.2,52.0,1.3,Weekday,0,1261.0
2023-10-31,25.7,63.0,3.9,Weekday,0,1149.0
2023-11-01,34.3,73.0,4.5,Weekday,0,1211.0
2023-11-02,33.8,59.0,6.3,Weekday,0,1250.0
2023-11-03,29.1,57.0,4.2,Weekday,0,1209.0
2023-11-04,34.2,67.0,1.7,Weekend,0,1286.0
2023-11-05,25.9,76.0,1.2,Weekend,0,1198.0
2023-11-06,27.5,53.0,3.0,Weekday,0,1198.0
2023-11-07,19.9,63.0,2.7,Weekday,0,1109.0
2023-11-08,23.4,48.0,1.5,Weekday,0,1196.0
2023-11-09,39.0,61.0,0.2,Weekday,0,1300.0
2023-11-10,38.2,65.0,5.2,Weekday,0,1253.0
2023-11-11,30.3,56.0,1.2,Weekend,0,1280.0
2023-11-12,38.3,60.0,0.9,Weekend,0,1338.0
2023-11-13,29.2,51.0,2.0,Weekday,0,1202.0
2023-11-14,28.8,66.0,2.2,Weekday,0,1205.0
2023-11-15,30.3,76.0,0.5,Weekday,0,1183.0
2023-11-16,29.4,54.0,3.6,Weekday,0,1171.0
2023-11-17,28.9,59.0,0.7,Weekday,0,1224.0
2023-11-18,35.7,70.0,0.4,Weekend,0,1296.0
2023-11-19,30.8,77.0,1.0,Weekend,0,1251.0
2023-11-20,33.6,50.0,2.6,Weekday,0,1285.0
2023-11-21,35.2,63.0,6.7,Weekday,0,1236.0
2023-11-22,31.9,68.0,3.3,Weekday,0,1166.0
2023-11-23,25.1,64.0,5.6,Weekday,0,1096.0
2023-11-24,23.2,40.0,0.3,Weekday,0,1177.0
2023-11-25,30.7,70.0,0.1,Weekend,0,1255.0
2023-11-26,29.1,80.0,1.6,Weekend,0,1237.0
2023-11-27,30.4,66.0,0.7,Weekday,0,1214.0
2023-11-28,29.9,55.0,3.5,Weekday,0,1264.0
2023-11-29,42.9,60.0,2.2,Weekday,0,1308.0
2023-11-30,23.3,83.0,7.1,Weekday,0,1074.0
2023-12-01,20.1,74.0,0.6,Weekday,0,1081.0
2023-12-02,31.7,71.0,1.3,Weekend,0,1263.0
2023-12-03,28.1,69.0,1.4,Weekend,0,1261.0
2023-12-04,31.6,58.0,0.5,Weekday,0,1274.0
2023-12-05,32.9,63.0,1.8,Weekday,0,1235.0
2023-12-06,36.4,64.0,1.2,Weekday,0,1287.0
2023-12-07,22.5,70.0,1.2,Weekday,0,1123.0
2023-12-08,27.2,80.0,0.9,Weekday,0,1126.0
2023-12-09,32.1,76.0,0.0,Weekend,0,1259.0
2023-12-10,33.9,51.0,1.5,Weekend,0,1309.0
2023-12-11,41.0,67.0,0.8,Weekday,0,1311.0
2023-12-12,34.8,72.0,0.0,Weekday,0,1227.0
2023-12-13,29.7,71.0,0.7,Weekday,0,1195.0
2023-12-14,25.5,59.0,0.7,Weekday,0,1180.0
2023-12-15,27.2,94.0,1.0,Weekday,0,1133.0
2023-12-16,27.0,52.0,0.3,Weekend,0,1261.0
2023-12-17,33.3,54.0,1.4,Weekend,0,1341.0
2023-12-18,31.3,67.0,2.4,Weekday,0,1251.0
2023-12-19,23.4,86.0,2.0,Weekday,0,1084.0
2023-12-20,27.8,57.0,3.3,Weekday,0,1207.0
2023-12-21,34.4,62.0,1.2,Weekday,0,1296.0
2023-12-22,31.8,76.0,1.5,Weekday,0,1218.0
2023-12-23,32.8,65.0,3.3,Weekend,0,1286.0
2023-12-24,31.9,62.0,1.1,Weekend,0,1243.0
2023-12-25,38.1,71.0,2.4,Weekday,0,1256.0
2023-12-26,31.2,68.0,1.1,Weekday,0,1202.0
2023-12-27,28.1,75.0,1.1,Weekday,0,1193.0
2023-12-28,25.4,78.0,2.9,Weekday,0,1109.0
2023-12-29,31.2,68.0,0.4,Weekday,0,1212.0
2023-12-30,17.8,68.0,0.8,Weekend,0,1145.0
2023-12-31,29.1,67.0,0.5,Weekend,0,1229.0
2024-01-01,29.0,70.0,0.9,Weekday,1,1291.0
2024-01-02,23.2,66.0,0.5,Weekday,0,1140.0
2024-01-03,25.4,65.0,1.7,Weekday,0,1173.0
2024-01-04,34.0,77.0,3.2,Weekday,0,1223.0
2024-01-05,31.2,80.0,3.1,Weekday,0,1189.0
2024-01-06,30.5,50.0,0.9,Weekend,0,1295.0
2024-01-07,31.5,65.0,9.0,Weekend,0,1196.0
2024-01-08,30.5,58.0,1.8,Weekday,0,1223.0
2024-01-09,36.2,62.0,1.0,Weekday,0,1274.0
2024-01-10,30.6,69.0,3.6,Weekday,0,1205.0
2024-01-11,22.7,72.0,2.6,Weekday,0,1102.0
2024-01-12,38.2,64.0,2.8,Weekday,0,1281.0
2024-01-13,31.9,46.0,0.4,Weekend,0,1316.0
2024-01-14,27.1,55.0,1.3,Weekend,0,1230.0
2024-01-15,23.7,74.0,4.0,Weekday,0,1086.0
2024-01-16,32.0,38.0,1.4,Weekday,0,1285.0
2024-01-17,29.4,77.0,2.3,Weekday,0,1189.0
2024-01-18,37.9,70.0,1.8,Weekday,0,1258.0
2024-01-19,28.3,78.0,3.7,Weekday,0,1144.0
2024-01-20,25.8,63.0,0.7,Weekend,0,1235.0
2024-01-21,34.5,44.0,1.7,Weekend,0,1357.0
2024-01-22,34.6,69.0,0.3,Weekday,0,1251.0
2024-01-23,30.8,78.0,2.3,Weekday,0,1189.0
2024-01-24,33.4,74.0,2.6,Weekday,0,1224.0
2024-01-25,29.8,58.0,0.1,Weekday,0,1236.0
2024-01-26,31.2,66.0,2.3,Weekday,0,1187.0
2024-01-27,35.8,60.0,1.1,Weekend,0,1361.0
2024-01-28,33.1,57.0,0.3,Weekend,0,1311.0
2024-01-29,29.2,75.0,1.1,Weekday,0,1191.0
2024-01-30,36.8,53.0,0.4,Weekday,0,1285.0
2024-01-31,18.2,56.0,1.1,Weekday,0,1101.0
2024-02-01,40.3,54.0,1.0,Weekday,0,1338.0
2024-02-02,21.5,50.0,2.7,Weekday,0,1105.0
2024-02-03,26.9,66.0,3.0,Weekend,0,1194.0
2024-02-04,29.8,77.0,1.9,Weekend,0,1210.0
2024-02-05,29.3,63.0,0.0,Weekday,0,1181.0
2024-02-06,35.0,50.0,5.3,Weekday,0,1266.0
2024-02-07,24.7,73.0,2.3,Weekday,0,1128.0
2024-02-08,31.3,82.0,0.1,Weekday,0,1217.0
2024-02-09,27.1,59.0,3.4,Weekday,0,1154.0
2024-02-10,31.5,60.0,0.4,Weekend,0,1288.0
2024-02-11,29.7,70.0,1.7,Weekend,0,1221.0
2024-02-12,30.5,81.0,1.3,Weekday,0,1142.0
2024-02-13,27.3,60.0,1.1,Weekday,0,1199.0
2024-02-14,27.4,52.0,4.4,Weekday,0,1201.0
2024-02-15,31.4,71.0,1.2,Weekday,0,1217.0
2024-02-16,34.7,73.0,0.2,Weekday,0,1214.0
2024-02-17,27.0,65.0,5.9,Weekend,0,1202.0
2024-02-18,25.7,59.0,5.1,Weekend,0,1215.0
2024-02-19,33.1,75.0,2.3,Weekday,0,1229.0
2024-02-20,29.8,70.0,1.3,Weekday,0,1204.0
2024-02-21,34.2,57.0,0.2,Weekday,0,1286.0
2024-02-22,25.5,65.0,3.1,Weekday,0,1171.0
2024-02-23,21.1,51.0,0.2,Weekday,0,1150.0
2024-02-24,27.3,72.0,0.1,Weekend,0,1228.0
2024-02-25,26.2,62.0,1.5,Weekend,0,1240.0
2024-02-26,29.6,61.0,0.3,Weekday,0,1220.0
2024-02-27,26.8,65.0,0.0,Weekday,0,1202.0
2024-02-28,33.7,65.0,1.1,Weekday,0,1259.0
2024-02-29,28.6,74.0,0.3,Weekday,0,1164.0
2024-03-01,30.8,71.0,0.3,Weekday,0,1178.0
2024-03-02,30.8,63.0,0.2,Weekend,0,1271.0
2024-03-03,31.0,73.0,0.5,Weekend,0,1228.0
2024-03-04,29.9,69.0,2.5,Weekday,0,1190.0
2024-03-05,32.6,61.0,3.3,Weekday,0,1227.0
2024-03-06,26.0,64.0,1.2,Weekday,0,1192.0
2024-03-07,37.0,64.0,1.4,Weekday,0,1285.0
2024-03-08,28.8,70.0,0.1,Weekday,0,1207.0
2024-03-09,23.4,61.0,0.1,Weekend,0,1192.0
2024-03-10,30.9,61.0,0.6,Weekend,0,1305.0
2024-03-11,25.7,85.0,1.6,Weekday,0,1137.0
2024-03-12,33.3,74.0,2.7,Weekday,0,1220.0
2024-03-13,41.0,57.0,1.9,Weekday,0,1290.0
2024-03-14,26.1,71.0,1.0,Weekday,0,1178.0
2024-03-15,31.7,66.0,0.3,Weekday,0,1259.0
2024-03-16,21.2,69.0,3.0,Weekend,0,1149.0
2024-03-17,32.3,66.0,0.9,Weekend,0,1277.0
2024-03-18,25.6,77.0,2.7,Weekday,0,1118.0
2024-03-19,26.9,68.0,1.4,Weekday,0,1133.0
2024-03-20,24.5,64.0,2.7,Weekday,0,1132.0
2024-03-21,33.7,75.0,4.8,Weekday,0,1236.0
2024-03-22,35.0,67.0,5.1,Weekday,0,1252.0
2024-03-23,30.1,66.0,1.5,Weekend,0,1236.0
2024-03-24,25.7,68.0,1.4,Weekend,0,1192.0
2024-03-25,37.9,64.0,0.6,Weekday,0,1331.0
2024-03-26,26.2,65.0,5.5,Weekday,0,1124.0
2024-03-27,19.2,59.0,1.2,Weekday,0,1094.0
2024-03-28,32.3,57.0,0.3,Weekday,0,1239.0
2024-03-29,24.5,55.0,1.1,Weekday,0,1142.0
2024-03-30,34.9,51.0,0.3,Weekend,0,1325.0
2024-03-31,28.1,56.0,1.4,Weekend,0,1242.0
2024-04-01,33.0,63.0,1.6,Weekday,0,1218.0
2024-04-02,37.0,66.0,0.8,Weekday,0,1301.0
2024-04-03,24.0,62.0,0.1,Weekday,0,1132.0
2024-04-04,27.2,41.0,5.7,Weekday,0,1199.0
2024-04-05,29.6,81.0,3.0,Weekday,0,1141.0
2024-04-06,37.7,76.0,3.7,Weekend,0,1292.0
2024-04-07,26.7,69.0,0.9,Weekend,0,1196.0
2024-04-08,27.0,84.0,2.9,Weekday,0,1129.0
2024-04-09,32.4,55.0,1.3,Weekday,0,1254.0
2024-04-10,27.1,84.0,0.4,Weekday,0,1169.0
2024-04-11,30.8,55.0,0.3,Weekday,0,1225.0
2024-04-12,22.2,67.0,0.8,Weekday,0,1156.0
2024-04-13,41.1,52.0,0.3,Weekend,0,1379.0
2024-04-14,23.3,65.0,12.7,Weekend,0,1125.0
2024-04-15,28.4,69.0,0.1,Weekday,0,1221.0
2024-04-16,29.8,63.0,1.2,Weekday,0,1264.0
2024-04-17,39.6,72.0,1.2,Weekday,0,1320.0
2024-04-18,23.4,66.0,0.7,Weekday,0,1134.0
2024-04-19,39.9,60.0,1.7,Weekday,0,1321.0
2024-04-20,33.8,59.0,0.3,Weekend,0,1322.0
2024-04-21,32.1,73.0,3.1,Weekend,0,1256.0
2024-04-22,25.1,58.0,0.8,Weekday,0,1151.0
2024-04-23,32.9,74.0,1.8,Weekday,0,1217.0
2024-04-24,26.4,77.0,2.5,Weekday,0,1127.0
2024-04-25,36.3,48.0,4.4,Weekday,0,1266.0
2024-04-26,25.1,76.0,3.6,Weekday,0,1115.0
2024-04-27,29.4,86.0,1.9,Weekend,0,1209.0
2024-04-28,27.2,68.0,1.0,Weekend,0,1241.0
2024-04-29,25.1,71.0,1.4,Weekday,0,1137.0
2024-04-30,33.7,75.0,2.9,Weekday,1,1311.0
2024-05-01,32.7,62.0,4.2,Weekday,1,1338.0
2024-05-02,36.0,67.0,0.2,Weekday,0,1266.0
2024-05-03,21.1,52.0,1.0,Weekday,0,1150.0
2024-05-04,35.3,66.0,3.0,Weekend,0,1298.0
2024-05-05,42.5,70.0,1.1,Weekend,0,1374.0
2024-05-06,27.7,70.0,0.8,Weekday,0,1151.0
2024-05-07,39.5,76.0,1.1,Weekday,0,1280.0
2024-05-08,28.7,57.0,1.8,Weekday,0,1233.0
2024-05-09,23.1,60.0,17.1,Weekday,0,1069.0
2024-05-10,28.5,84.0,1.4,Weekday,0,1133.0
2024-05-11,35.2,63.0,0.5,Weekend,0,1343.0
2024-05-12,25.8,67.0,0.4,Weekend,0,1226.0
2024-05-13,27.0,64.0,0.1,Weekday,0,1197.0
2024-05-14,33.0,57.0,1.6,Weekday,0,1263.0
2024-05-15,30.0,81.0,1.6,Weekday,0,1147.0
2024-05-16,32.9,60.0,0.5,Weekday,0,1259.0
2024-05-17,31.2,54.0,2.4,Weekday,0,1260.0
2024-05-18,32.4,60.0,2.7,Weekend,0,1271.0
2024-05-19,27.8,45.0,0.6,Weekend,0,1236.0
2024-05-20,31.2,58.0,0.8,Weekday,0,1239.0
2024-05-21,25.4,55.0,9.3,Weekday,0,1138.0
2024-05-22,36.4,71.0,0.9,Weekday,0,1227.0
2024-05-23,26.8,58.0,2.9,Weekday,0,1190.0
2024-05-24,35.6,74.0,1.2,Weekday,0,1253.0
2024-05-25,28.8,79.0,3.2,Weekend,0,1175.0
2024-05-26,31.0,73.0,2.9,Weekend,0,1277.0
2024-05-27,27.5,63.0,2.2,Weekday,0,1193.0
2024-05-28,24.9,66.0,3.9,Weekday,0,1100.0
2024-05-29,21.3,50.0,5.6,Weekday,0,1141.0
2024-05-30,24.7,64.0,1.7,Weekday,0,1166.0
2024-05-31,28.4,56.0,0.5,Weekday,0,1238.0
2024-06-01,31.1,72.0,1.0,Weekend,0,1240.0
2024-06-02,35.1,91.0,2.8,Weekend,0,1262.0
2024-06-03,27.8,70.0,2.1,Weekday,0,1163.0
2024-06-04,25.6,45.0,0.4,Weekday,0,1193.0
2024-06-05,22.8,61.0,0.1,Weekday,0,1128.0
2024-06-06,32.4,66.0,2.3,Weekday,0,1182.0
2024-06-07,36.9,66.0,0.6,Weekday,0,1285.0
2024-06-08,36.3,58.0,1.4,Weekend,0,1325.0
2024-06-09,33.5,67.0,2.7,Weekend,0,1223.0
2024-06-10,33.2,53.0,1.7,Weekday,0,1259.0
2024-06-11,38.5,56.0,0.2,Weekday,0,1335.0
2024-06-12,31.7,71.0,0.4,Weekday,0,1187.0
2024-06-13,33.2,55.0,0.5,Weekday,0,1245.0
2024-06-14,28.4,70.0,0.6,Weekday,0,1190.0
2024-06-15,23.2,51.0,1.7,Weekend,0,1160.0
2024-06-16,26.6,83.0,1.4,Weekend,0,1172.0
2024-06-17,30.0,57.0,0.5,Weekday,0,1230.0
2024-06-18,30.3,63.0,0.1,Weekday,0,1205.0
2024-06-19,39.6,68.0,0.4,Weekday,0,1272.0
2024-06-20,30.4,59.0,8.3,Weekday,0,1159.0
2024-06-21,35.9,66.0,1.3,Weekday,0,1228.0
2024-06-22,27.8,71.0,4.0,Weekend,0,1193.0
2024-06-23,28.4,75.0,3.8,Weekend,0,1226.0
2024-06-24,23.4,73.0,1.4,Weekday,0,1168.0
2024-06-25,26.3,63.0,2.5,Weekday,0,1165.0
2024-06-26,32.6,64.0,0.4,Weekday,0,1251.0
2024-06-27,30.0,88.0,2.3,Weekday,0,1134.0
2024-06-28,34.7,74.0,0.6,Weekday,0,1194.0
2024-06-29,30.9,56.0,3.6,Weekend,0,1306.0
2024-06-30,28.2,66.0,0.2,Weekend,0,1227.0
2024-07-01,40.7,62.0,3.0,Weekday,0,1322.0
2024-07-02,29.5,64.0,0.2,Weekday,0,1209.0
2024-07-03,35.8,53.0,4.3,Weekday,0,1290.0
2024-07-04,28.0,61.0,0.7,Weekday,0,1214.0
2024-07-05,33.5,83.0,2.1,Weekday,0,1204.0
2024-07-06,34.6,71.0,1.3,Weekend,0,1295.0
2024-07-07,31.0,40.0,0.9,Weekend,0,1340.0
2024-07-08,18.2,77.0,2.1,Weekday,0,1049.0
2024-07-09,30.1,76.0,5.9,Weekday,0,1191.0
2024-07-10,36.2,61.0,0.1,Weekday,0,1265.0
2024-07-11,32.6,72.0,5.0,Weekday,0,1199.0
2024-07-12,32.2,56.0,1.9,Weekday,0,1253.0
2024-07-13,21.4,60.0,3.3,Weekend,0,1135.0
2024-07-14,26.4,80.0,1.0,Weekend,0,1217.0
2024-07-15,32.1,62.0,1.3,Weekday,0,1240.0
2024-07-16,32.1,46.0,4.1,Weekday,0,1315.0
2024-07-17,36.1,64.0,1.1,Weekday,0,1309.0
2024-07-18,29.3,64.0,1.5,Weekday,0,1197.0
2024-07-19,32.0,77.0,0.0,Weekday,0,1242.0
2024-07-20,30.1,65.0,0.3,Weekend,0,1276.0
2024-07-21,25.1,61.0,2.1,Weekend,0,1213.0
2024-07-22,18.7,75.0,2.5,Weekday,0,1031.0
2024-07-23,32.2,66.0,1.7,Weekday,0,1193.0
2024-07-24,30.9,57.0,0.3,Weekday,0,1234.0
2024-07-25,26.9,77.0,1.2,Weekday,0,1139.0
2024-07-26,21.9,67.0,0.9,Weekday,0,1125.0
2024-07-27,33.1,65.0,1.4,Weekend,0,1311.0
2024-07-28,28.7,67.0,4.1,Weekend,0,1240.0
2024-07-29,32.8,54.0,3.0,Weekday,0,1231.0
2024-07-30,39.3,60.0,0.2,Weekday,0,1330.0
2024-07-31,19.3,65.0,4.4,Weekday,0,1063.0
2024-08-01,26.5,63.0,1.3,Weekday,0,1150.0
2024-08-02,29.0,78.0,2.7,Weekday,0,1168.0
2024-08-03,37.3,67.0,0.3,Weekend,0,1311.0
2024-08-04,21.8,74.0,2.2,Weekend,0,1136.0
2024-08-05,39.7,65.0,0.5,Weekday,0,1324.0
2024-08-06,30.7,76.0,1.2,Weekday,0,1202.0
2024-08-07,29.5,69.0,0.0,Weekday,0,1190.0
2024-08-08,29.0,65.0,0.3,Weekday,0,1166.0
2024-08-09,27.8,65.0,0.2,Weekday,0,1172.0
2024-08-10,35.2,55.0,0.5,Weekend,0,1368.0
2024-08-11,24.7,70.0,0.2,Weekend,0,1215.0
2024-08-12,31.7,65.0,2.4,Weekday,0,1243.0
2024-08-13,28.1,60.0,0.1,Weekday,0,1206.0
2024-08-14,26.2,76.0,1.9,Weekday,0,1133.0
2024-08-15,42.9,52.0,0.3,Weekday,0,1382.0
2024-08-16,32.1,61.0,5.8,Weekday,0,1236.0
2024-08-17,33.1,75.0,5.4,Weekend,0,1234.0
2024-08-18,35.7,68.0,0.5,Weekend,0,1294.0
2024-08-19,22.9,65.0,1.9,Weekday,0,1099.0
2024-08-20,38.8,68.0,0.1,Weekday,0,1277.0
2024-08-21,17.5,67.0,5.4,Weekday,0,1067.0
2024-08-22,26.2,50.0,1.5,Weekday,0,1183.0
2024-08-23,27.7,62.0,0.1,Weekday,0,1211.0
2024-08-24,32.9,81.0,0.8,Weekend,0,1292.0
2024-08-25,31.1,58.0,0.2,Weekend,0,1284.0
2024-08-26,29.2,62.0,1.0,Weekday,0,1203.0
2024-08-27,29.9,60.0,2.2,Weekday,0,1219.0
2024-08-28,25.1,64.0,1.3,Weekday,0,1145.0
2024-08-29,22.5,59.0,1.0,Weekday,0,1129.0
2024-08-30,33.6,70.0,0.3,Weekday,0,1222.0
2024-08-31,33.5,67.0,0.6,Weekend,0,1265.0
2024-09-01,37.9,73.0,0.2,Weekend,0,1340.0
2024-09-02,26.0,54.0,3.3,Weekday,1,1266.0
2024-09-03,33.5,62.0,0.3,Weekday,0,1272.0
2024-09-04,28.6,63.0,1.8,Weekday,0,1202.0
2024-09-05,36.0,70.0,0.8,Weekday,0,1256.0
2024-09-06,35.1,57.0,0.5,Weekday,0,1291.0
2024-09-07,31.1,74.0,2.0,Weekend,0,1224.0
2024-09-08,28.3,77.0,1.2,Weekend,0,1197.0
2024-09-09,34.8,55.0,1.0,Weekday,0,1287.0
2024-09-10,33.2,60.0,1.8,Weekday,0,1199.0
2024-09-11,26.6,60.0,1.4,Weekday,0,1179.0
2024-09-12,23.4,91.0,0.7,Weekday,0,1100.0
2024-09-13,28.6,61.0,1.6,Weekday,0,1222.0
2024-09-14,37.6,82.0,2.2,Weekend,0,1321.0
2024-09-15,35.7,52.0,0.1,Weekend,0,1340.0
2024-09-16,24.4,55.0,1.3,Weekday,0,1183.0
2024-09-17,24.2,58.0,0.1,Weekday,0,1149.0
2024-09-18,36.4,57.0,0.4,Weekday,0,1279.0
2024-09-19,24.3,62.0,1.6,Weekday,0,1178.0
2024-09-20,32.5,58.0,4.0,Weekday,0,1228.0
2024-09-21,26.9,57.0,4.3,Weekend,0,1227.0
2024-09-22,38.1,77.0,0.1,Weekend,0,1296.0
2024-09-23,26.1,77.0,1.1,Weekday,0,1150.0
2024-09-24,35.7,74.0,1.7,Weekday,0,1256.0
2024-09-25,30.9,70.0,0.3,Weekday,0,1222.0
2024-09-26,31.3,66.0,2.9,Weekday,0,1182.0
2024-09-27,20.1,60.0,2.7,Weekday,0,1127.0
2024-09-28,19.0,55.0,4.7,Weekend,0,1127.0
2024-09-29,28.9,69.0,0.0,Weekend,0,1240.0
2024-09-30,31.2,53.0,0.5,Weekday,0,1211.0
2024-10-01,24.4,55.0,3.5,Weekday,0,1153.0
2024-10-02,24.6,77.0,2.2,Weekday,0,1101.0
2024-10-03,32.8,84.0,4.5,Weekday,0,1169.0
2024-10-04,32.8,69.0,0.1,Weekday,0,1231.0
2024-10-05,29.3,76.0,1.8,Weekend,0,1239.0
2024-10-06,33.9,63.0,1.7,Weekend,0,1310.0
2024-10-07,24.1,52.0,0.1,Weekday,0,1130.0
2024-10-08,28.2,71.0,1.4,Weekday,0,1187.0
2024-10-09,38.2,71.0,1.9,Weekday,0,1275.0
2024-10-10,30.3,66.0,0.4,Weekday,0,1198.0
2024-10-11,30.6,63.0,0.6,Weekday,0,1199.0
2024-10-12,41.5,75.0,2.0,Weekend,0,1344.0
2024-10-13,23.0,55.0,1.3,Weekend,0,1208.0
2024-10-14,34.0,57.0,3.9,Weekday,0,1254.0
2024-10-15,38.3,55.0,0.8,Weekday,0,1305.0
2024-10-16,28.4,66.0,0.6,Weekday,0,1139.0
2024-10-17,34.3,54.0,8.4,Weekday,0,1223.0
2024-10-18,25.1,58.0,4.8,Weekday,0,1127.0
2024-10-19,26.6,58.0,0.1,Weekend,0,1281.0
2024-10-20,31.9,62.0,2.9,Weekend,0,1272.0
2024-10-21,34.0,50.0,0.2,Weekday,0,1294.0
2024-10-22,35.6,66.0,0.1,Weekday,0,1276.0
2024-10-23,37.8,77.0,0.6,Weekday,0,1267.0
2024-10-24,29.7,66.0,0.6,Weekday,0,1194.0
2024-10-25,36.0,80.0,3.4,Weekday,0,1212.0
2024-10-26,28.3,78.0,2.5,Weekend,0,1164.0
2024-10-27,34.5,73.0,8.0,Weekend,0,1252.0
2024-10-28,31.0,66.0,2.5,Weekday,0,1212.0
2024-10-29,32.2,65.0,1.1,Weekday,0,1226.0
2024-10-30,32.1,73.0,2.4,Weekday,0,1206.0
2024-10-31,22.0,61.0,15.0,Weekday,0,1039.0
2024-11-01,24.4,46.0,2.5,Weekday,0,1174.0
2024-11-02,30.5,70.0,2.9,Weekend,0,1228.0
2024-11-03,21.6,54.0,5.6,Weekend,0,1183.0
2024-11-04,34.2,55.0,0.2,Weekday,0,1272.0
2024-11-05,34.4,65.0,2.4,Weekday,0,1229.0
2024-11-06,31.6,64.0,3.8,Weekday,0,1206.0
2024-11-07,24.4,51.0,6.2,Weekday,0,1130.0
2024-11-08,36.9,67.0,0.5,Weekday,0,1266.0
2024-11-09,40.2,75.0,1.4,Weekend,0,1347.0
2024-11-10,30.7,54.0,2.3,Weekend,0,1251.0
2024-11-11,32.6,78.0,0.6,Weekday,0,1206.0
2024-11-12,31.0,49.0,1.8,Weekday,0,1228.0
2024-11-13,32.7,86.0,0.6,Weekday,0,1165.0
2024-11-14,29.4,61.0,0.8,Weekday,0,1245.0
2024-11-15,29.8,66.0,1.2,Weekday,0,1225.0
2024-11-16,34.5,46.0,1.5,Weekend,0,1324.0
2024-11-17,41.7,64.0,1.2,Weekend,0,1367.0
2024-11-18,23.0,67.0,1.4,Weekday,0,1089.0
2024-11-19,29.5,64.0,0.7,Weekday,0,1172.0
2024-11-20,24.1,59.0,0.3,Weekday,0,1139.0
2024-11-21,38.0,56.0,0.1,Weekday,0,1307.0
2024-11-22,27.1,76.0,0.4,Weekday,0,1155.0
2024-11-23,22.8,65.0,1.7,Weekend,0,1186.0
2024-11-24,33.2,80.0,3.1,Weekend,0,1260.0
2024-11-25,38.7,60.0,0.4,Weekday,0,1311.0
2024-11-26,33.3,61.0,0.2,Weekday,0,1228.0
2024-11-27,31.0,73.0,2.8,Weekday,0,1196.0
2024-11-28,32.0,49.0,0.7,Weekday,0,1271.0
2024-11-29,37.1,53.0,6.1,Weekday,0,1266.0
2024-11-30,25.6,76.0,2.5,Weekend,0,1145.0
2024-12-01,29.4,53.0,0.8,Weekend,0,1298.0
2024-12-02,27.7,47.0,0.7,Weekday,0,1221.0
2024-12-03,24.2,84.0,1.5,Weekday,0,1051.0
2024-12-04,28.4,51.0,0.2,Weekday,0,1262.0
2024-12-05,35.5,67.0,0.3,Weekday,0,1250.0
2024-12-06,32.8,66.0,0.4,Weekday,0,1283.0
2024-12-07,33.2,37.0,3.0,Weekend,0,1341.0
2024-12-08,30.7,62.0,1.4,Weekend,0,1262.0
2024-12-09,32.6,69.0,0.0,Weekday,0,1232.0
2024-12-10,26.0,69.0,2.2,Weekday,0,1137.0
2024-12-11,28.5,74.0,1.1,Weekday,0,1173.0
2024-12-12,31.0,61.0,1.4,Weekday,0,1261.0
2024-12-13,31.4,72.0,0.5,Weekday,0,1190.0
2024-12-14,31.6,58.0,1.6,Weekend,0,1293.0
2024-12-15,29.3,51.0,7.7,Weekend,0,1228.0
2024-12-16,28.1,52.0,0.2,Weekday,0,1213.0
2024-12-17,45.8,50.0,0.7,Weekday,0,1434.0
2024-12-18,34.5,75.0,0.6,Weekday,0,1243.0
2024-12-19,32.1,50.0,0.6,Weekday,0,1273.0
2024-12-20,28.8,68.0,1.0,Weekday,0,1188.0
2024-12-21,27.7,62.0,3.4,Weekend,0,1280.0
2024-12-22,29.3,64.0,4.9,Weekend,0,1212.0
2024-12-23,31.5,79.0,0.5,Weekday,0,1163.0
2024-12-24,20.6,61.0,1.6,Weekday,0,1150.0
2024-12-25,22.2,71.0,2.0,Weekday,0,1102.0
2024-12-26,26.8,65.0,1.5,Weekday,0,1179.0
2024-12-27,31.0,63.0,1.1,Weekday,0,1253.0
2024-12-28,28.8,88.0,0.4,Weekend,0,1208.0
2024-12-29,37.4,51.0,1.3,Weekend,0,1400.0
2024-12-30,22.6,78.0,1.0,Weekday,0,1108.0
2024-12-31,26.2,72.0,3.2,Weekday,0,1128.0
